name,url,currentVersion,crownUpdateDate
alphagov/govuk-design-system,https://github.com/alphagov/govuk-design-system,5.4.0,2024-02-05T15:52:42Z
alphagov/govuk-prototype-kit,https://github.com/alphagov/govuk-prototype-kit,5.2.0,undefined
UKHSA-Internal/coronavirus-dashboard,https://github.com/UKHSA-Internal/coronavirus-dashboard,3.14.0,N/A
co-cddo/api-catalogue,https://github.com/co-cddo/api-catalogue,4.7.0,N/A
alphagov/govuk_publishing_components,https://github.com/alphagov/govuk_publishing_components,4.8.0,2024-02-05T15:42:55Z
x-govuk/govuk-eleventy-plugin,https://github.com/x-govuk/govuk-eleventy-plugin,5.4.0,2024-02-05T16:58:47Z
uktrade/data-workspace-frontend,https://github.com/uktrade/data-workspace-frontend,3.14,undefined
DEFRA/digital-form-builder,https://github.com/DEFRA/digital-form-builder,2.3.0,N/A
ministryofjustice/record-a-goose-sighting,https://github.com/ministryofjustice/record-a-goose-sighting,3.0.0,N/A
alphagov/notifications-admin,https://github.com/alphagov/notifications-admin,4.8.0,undefined
ONSdigital/sdg-indicators,https://github.com/ONSdigital/sdg-indicators,3.12.0,N/A
department-for-transport-BODS/bods,https://github.com/department-for-transport-BODS/bods,4.7.0,N/A
alphagov/govuk-frontend-docs,https://github.com/alphagov/govuk-frontend-docs,5.4.0,undefined
DFE-Digital/apply-for-teacher-training,https://github.com/DFE-Digital/apply-for-teacher-training,5.4.0,2024-02-19T16:24:11Z
dwp/govuk-casa,https://github.com/dwp/govuk-casa,5.4.0,2024-02-05T15:50:47Z
ministryofjustice/moj-frontend,https://github.com/ministryofjustice/moj-frontend,5.1.0,2024-02-15T11:57:33Z
DFE-Digital/govuk-rails-boilerplate,https://github.com/DFE-Digital/govuk-rails-boilerplate,3.12.0,N/A
ministryofjustice/Claim-for-Crown-Court-Defence,https://github.com/ministryofjustice/Claim-for-Crown-Court-Defence,5.4.0,2024-03-04T12:04:53Z
DFE-Digital/teaching-vacancies,https://github.com/DFE-Digital/teaching-vacancies,5.3.1,2024-01-24T11:42:54Z
x-govuk/govuk-services-list,https://github.com/x-govuk/govuk-services-list,5.2.0,2024-03-27T07:06:50Z
alphagov/pay-selfservice,https://github.com/alphagov/pay-selfservice,4.8.0,2024-02-19T12:41:12Z
alphagov/gds-nodejs-boilerplate,https://github.com/alphagov/gds-nodejs-boilerplate,2.13.0,N/A
alphagov/paas-admin,https://github.com/alphagov/paas-admin,5.3.0,2024-02-08T10:26:18Z
uktrade/tamato,https://github.com/uktrade/tamato,3.15.0,undefined
dvsa/front-end,https://github.com/dvsa/front-end,3.15.0,2024-02-19T11:56:31Z
uktrade/great-cms,https://github.com/uktrade/great-cms,4.5.0,N/A
UKHomeOfficeForms/hof,https://github.com/UKHomeOfficeForms/hof,3.15.0,2024-02-29T12:53:03Z
dwp/design-system,https://github.com/dwp/design-system,4.2.0,N/A
alphagov/tech-docs-gem,https://github.com/alphagov/tech-docs-gem,4.7.0,N/A
alphagov/miller-columns-element,https://github.com/alphagov/miller-columns-element,5.3.1,2023-12-11T03:26:24Z
ministryofjustice/laa-apply-for-legal-aid,https://github.com/ministryofjustice/laa-apply-for-legal-aid,5.4.0,2024-02-20T07:32:17Z
DFE-Digital/get-into-teaching-app,https://github.com/DFE-Digital/get-into-teaching-app,5.4.0,2024-02-26T11:55:34Z
alphagov/forms-admin,https://github.com/alphagov/forms-admin,5.4.0,2024-02-14T15:45:02Z
DFE-Digital/claim-additional-payments-for-teaching,https://github.com/DFE-Digital/claim-additional-payments-for-teaching,5.3.1,undefined
hmcts/rpx-xui-webapp,https://github.com/hmcts/rpx-xui-webapp,3.14.0,N/A
hmcts/cmc-citizen-frontend,https://github.com/hmcts/cmc-citizen-frontend,4.8.0,undefined
hmcts/sscs-submit-your-appeal,https://github.com/hmcts/sscs-submit-your-appeal,4.7.0,N/A
ministryofjustice/moj-design-system,https://github.com/ministryofjustice/moj-design-system,3.11.0,N/A
DFE-Digital/register-trainee-teachers,https://github.com/DFE-Digital/register-trainee-teachers,5.4.0,2024-01-11T15:45:27Z
ministryofjustice/cookie-compliance-for-wordpress,https://github.com/ministryofjustice/cookie-compliance-for-wordpress,5.2.0,2023-12-18T15:41:35Z
alphagov/pay-toolbox,https://github.com/alphagov/pay-toolbox,4.8.0,2024-03-01T16:47:32Z
DFE-Digital/publish-teacher-training,https://github.com/DFE-Digital/publish-teacher-training,5.2.0,undefined
ministryofjustice/help-with-prison-visits-external,https://github.com/ministryofjustice/help-with-prison-visits-external,4.8.0,undefined
alphagov/product-page-example,https://github.com/alphagov/product-page-example,3.0.0,N/A
Crown-Commercial-Service/digitalmarketplace-supplier-frontend,https://github.com/Crown-Commercial-Service/digitalmarketplace-supplier-frontend,2.13.0,N/A
alphagov/pay-frontend,https://github.com/alphagov/pay-frontend,4.8.0,2024-02-29T14:52:14Z
ministryofjustice/correspondence_tool_staff,https://github.com/ministryofjustice/correspondence_tool_staff,5.2.0,undefined
alphagov/forms-product-page,https://github.com/alphagov/forms-product-page,5.4.0,2024-02-14T13:33:44Z
govuk-one-login/authentication-frontend,https://github.com/govuk-one-login/authentication-frontend,4.8.0,2024-02-06T12:12:02Z
alphagov/pay-tech-docs,https://github.com/alphagov/pay-tech-docs,3.14.0,N/A
DFID/devtracker-from-api,https://github.com/DFID/devtracker-from-api,3.10.2,N/A
DFE-Digital/bat-design-history,https://github.com/DFE-Digital/bat-design-history,5.4.0,2024-02-05T19:20:13Z
DFE-Digital/schools-experience,https://github.com/DFE-Digital/schools-experience,5.4.0,2024-04-09T08:24:51Z
uktrade/data-hub-frontend,https://github.com/uktrade/data-hub-frontend,5.4.0,2024-02-19T16:27:06Z
DEFRA/hapi-web-boilerplate,https://github.com/DEFRA/hapi-web-boilerplate,4.0.0,N/A
hmrc/hmrc-frontend,https://github.com/hmrc/hmrc-frontend,5.3.0,2024-01-16T10:03:04Z
govuk-one-login/billing-transaction-monitoring,https://github.com/govuk-one-login/billing-transaction-monitoring,4.6.0,N/A
communitiesuk/pkg_gov_uk_dashboards,https://github.com/communitiesuk/pkg_gov_uk_dashboards,4.3.1,undefined
govuk-one-login/di-account-management-frontend,https://github.com/govuk-one-login/di-account-management-frontend,4.8.0,2024-02-16T12:45:13Z
dvsa/cvs-app-vtm,https://github.com/dvsa/cvs-app-vtm,4.8.0,2024-02-20T11:35:05Z
alphagov/pay-products-ui,https://github.com/alphagov/pay-products-ui,5.2.0,2024-03-11T11:26:28Z
LandRegistry/hmlr-design-system-legacy,https://github.com/LandRegistry/hmlr-design-system-legacy,3.11.0,N/A
ministryofjustice/opg-modernising-lpa,https://github.com/ministryofjustice/opg-modernising-lpa,5.3.1,2024-01-16T08:01:55Z
ministryofjustice/calculate-release-dates,https://github.com/ministryofjustice/calculate-release-dates,5.3.1,2024-03-25T17:29:03Z
ministryofjustice/laa-court-data-ui,https://github.com/ministryofjustice/laa-court-data-ui,4.7.0,N/A
ministryofjustice/digital-prison-services,https://github.com/ministryofjustice/digital-prison-services,4.7.0,N/A
hmcts/rpx-xui-manage-organisations,https://github.com/hmcts/rpx-xui-manage-organisations,3.14.0,N/A
alphagov/govwifi-admin,https://github.com/alphagov/govwifi-admin,4.7.0,N/A
hmcts/design-system,https://github.com/hmcts/design-system,3.0.0,N/A
DFE-Digital/ucd-manual,https://github.com/DFE-Digital/ucd-manual,4.6.0,N/A
govuk-one-login/service-header,https://github.com/govuk-one-login/service-header,4.8.0,2024-02-16T15:07:54Z
DFE-Digital/find-teacher-training,https://github.com/DFE-Digital/find-teacher-training,4.4.1,N/A
alphagov/forms-runner,https://github.com/alphagov/forms-runner,5.4.0,2024-02-14T15:15:45Z
alphagov/re-rotas,https://github.com/alphagov/re-rotas,3.0.0,N/A
govuk-one-login/onboarding-product-page,https://github.com/govuk-one-login/onboarding-product-page,4.8.0,undefined
ministryofjustice/book-a-prison-visit-staff-ui,https://github.com/ministryofjustice/book-a-prison-visit-staff-ui,5.4.0,2024-02-19T06:58:06Z
ministryofjustice/hale,https://github.com/ministryofjustice/hale,5.2.0,undefined
alphagov/emergency-alerts-govuk,https://github.com/alphagov/emergency-alerts-govuk,4.8.0,2024-02-19T12:40:00Z
DFE-Digital/early-years-foundation-reform,https://github.com/DFE-Digital/early-years-foundation-reform,4.7.0,N/A
hmcts/rpa-jui-webapp,https://github.com/hmcts/rpa-jui-webapp,2.13.0,N/A
uktrade/market-access-python-frontend,https://github.com/uktrade/market-access-python-frontend,3.15.0,undefined
alphagov/re-request-an-aws-account,https://github.com/alphagov/re-request-an-aws-account,4.5.0,N/A
alphagov/govwifi-tech-docs,https://github.com/alphagov/govwifi-tech-docs,4.7.0,N/A
communitiesuk/epb-frontend,https://github.com/communitiesuk/epb-frontend,5.4.0,2024-02-19T08:55:10Z
ministryofjustice/prepare-a-case,https://github.com/ministryofjustice/prepare-a-case,5.1.0,2024-02-19T22:18:05Z
Crown-Commercial-Service/digitalmarketplace-govuk-frontend,https://github.com/Crown-Commercial-Service/digitalmarketplace-govuk-frontend,3.11.0,N/A
OfficeForProductSafetyAndStandards/product-safety-database,https://github.com/OfficeForProductSafetyAndStandards/product-safety-database,5.4.0,2024-02-06T13:10:19Z
alphagov/pay-product-page,https://github.com/alphagov/pay-product-page,3.15.0,undefined
ministryofjustice/cla_public,https://github.com/ministryofjustice/cla_public,3.2.0,N/A
ministryofjustice/hmpps-book-secure-move-frontend,https://github.com/ministryofjustice/hmpps-book-secure-move-frontend,4.5.0,N/A
ministryofjustice/use-of-force,https://github.com/ministryofjustice/use-of-force,3.14.0,N/A
hmcts/rpx-xui-approve-org,https://github.com/hmcts/rpx-xui-approve-org,4.0.1,N/A
Crown-Commercial-Service/crown-marketplace,https://github.com/Crown-Commercial-Service/crown-marketplace,5.4.0,2024-03-12T09:25:45Z
ministryofjustice/help-with-prison-visits-internal,https://github.com/ministryofjustice/help-with-prison-visits-internal,5.3.0,undefined
i-dot-ai/consultation-analyser,https://github.com/i-dot-ai/consultation-analyser,5.4.0,undefined
hmcts/opal-frontend,https://github.com/hmcts/opal-frontend,5.4.0,2024-02-16T13:50:01Z
hmcts/ccd-case-ui-toolkit,https://github.com/hmcts/ccd-case-ui-toolkit,4.7.0,N/A
DFE-Digital/publish-teacher-training-2022,https://github.com/DFE-Digital/publish-teacher-training-2022,4.0.1,N/A
ministryofjustice/hmpps-prisoner-profile,https://github.com/ministryofjustice/hmpps-prisoner-profile,5.4.0,2024-02-12T10:10:35Z
defencedigital/moduk-frontend,https://github.com/defencedigital/moduk-frontend,5.3.1,2024-03-15T12:20:09Z
ukgov-equality-hub/smc-son,https://github.com/ukgov-equality-hub/smc-son,3.14.0,N/A
LandRegistry/hmlr-frontend,https://github.com/LandRegistry/hmlr-frontend,4.8.0,2024-02-19T11:30:45Z
DFE-Digital/apply-for-qualified-teacher-status,https://github.com/DFE-Digital/apply-for-qualified-teacher-status,5.4.0,2023-12-12T09:09:02Z
companieshouse/overseas-entities-web,https://github.com/companieshouse/overseas-entities-web,4.6.0,N/A
communitiesuk/ukraine-sponsor-resettlement,https://github.com/communitiesuk/ukraine-sponsor-resettlement,4.7.0,N/A
openregister/registers-frontend,https://github.com/openregister/registers-frontend,1.3.0,N/A
digital-land/digital-land.info,https://github.com/digital-land/digital-land.info,4.2.0,N/A
ministryofjustice/hmpps-template-typescript,https://github.com/ministryofjustice/hmpps-template-typescript,5.4.0,2024-02-06T17:04:00Z
DFE-Digital/early-careers-framework,https://github.com/DFE-Digital/early-careers-framework,5.4.0,2024-02-19T16:57:32Z
DFE-Digital/buy-for-your-school,https://github.com/DFE-Digital/buy-for-your-school,4.4.1,N/A
UKGovernmentBEIS/beis-report-official-development-assistance,https://github.com/UKGovernmentBEIS/beis-report-official-development-assistance,3.13.1,N/A
hmcts/div-petitioner-frontend,https://github.com/hmcts/div-petitioner-frontend,2.13.0,N/A
HMPO/hmpo-components,https://github.com/HMPO/hmpo-components,4.8.0,2024-02-22T00:51:19Z
DEFRA/water-abstraction-ui,https://github.com/DEFRA/water-abstraction-ui,3.15.0,2024-02-19T16:48:20Z
Crown-Commercial-Service/digitalmarketplace-admin-frontend,https://github.com/Crown-Commercial-Service/digitalmarketplace-admin-frontend,2.13.0,N/A
ministryofjustice/find-moj-data,https://github.com/ministryofjustice/find-moj-data,5.3.1,2024-02-19T15:02:39Z
uktrade/selling-online-overseas,https://github.com/uktrade/selling-online-overseas,4.7.0,N/A
uktrade/great-international-ui,https://github.com/uktrade/great-international-ui,4.7.0,N/A
ministryofjustice/hmpps-community-accommodation-tier-2-ui,https://github.com/ministryofjustice/hmpps-community-accommodation-tier-2-ui,5.4.0,2024-04-10T13:11:11Z
ministryofjustice/hmpps-visits-internal-admin-ui,https://github.com/ministryofjustice/hmpps-visits-internal-admin-ui,5.4.0,2024-02-08T16:56:45Z
DFE-Digital/govuk_feature_flags,https://github.com/DFE-Digital/govuk_feature_flags,4.5.0,N/A
ministryofjustice/laa-apply-for-criminal-legal-aid,https://github.com/ministryofjustice/laa-apply-for-criminal-legal-aid,5.3.1,2024-01-31T12:18:40Z
LandRegistry/hmlr-design-system,https://github.com/LandRegistry/hmlr-design-system,4.6.0,N/A
Crown-Commercial-Service/easy-google-analytics,https://github.com/Crown-Commercial-Service/easy-google-analytics,1.0.0,N/A
DFE-Digital/find-a-lost-trn,https://github.com/DFE-Digital/find-a-lost-trn,5.2.0,2024-02-27T11:37:30Z
hmcts/civil-citizen-ui,https://github.com/hmcts/civil-citizen-ui,4.8.0,undefined
communitiesuk/submit-social-housing-lettings-and-sales-data,https://github.com/communitiesuk/submit-social-housing-lettings-and-sales-data,4.7.0,N/A
DEFRA/waste-permits,https://github.com/DEFRA/waste-permits,4.1.0,N/A
DFE-Digital/npq-registration,https://github.com/DFE-Digital/npq-registration,5.4.0,2024-02-26T10:04:45Z
DEFRA/ffc-grants-frontend,https://github.com/DEFRA/ffc-grants-frontend,4.3.1,N/A
Crown-Commercial-Service/ccs-scale-cat-buyer-ui,https://github.com/Crown-Commercial-Service/ccs-scale-cat-buyer-ui,5.2.0,2024-02-22T11:53:45Z
alphagov/paas-product-pages,https://github.com/alphagov/paas-product-pages,5.2.0,2024-02-08T10:28:15Z
smbc-digital/stockportgov-design-system,https://github.com/smbc-digital/stockportgov-design-system,3.13.0,N/A
hmcts/expressjs-template,https://github.com/hmcts/expressjs-template,4.8.0,2024-02-07T10:24:05Z
uktrade/digital-workspace-v2,https://github.com/uktrade/digital-workspace-v2,4.5.0,N/A
hmcts/rpx-xui-common-lib,https://github.com/hmcts/rpx-xui-common-lib,4.7.0,N/A
DEFRA/flood-app,https://github.com/DEFRA/flood-app,4.8.0,2024-02-19T12:27:08Z
UKGovernmentBEIS/energy-label-service,https://github.com/UKGovernmentBEIS/energy-label-service,4.0.1,N/A
Crown-Commercial-Service/DataSubmissionServiceAPI,https://github.com/Crown-Commercial-Service/DataSubmissionServiceAPI,3.15.0,undefined
hmrc/design-system,https://github.com/hmrc/design-system,5.3.0,2024-03-18T09:56:25Z
ministryofjustice/correspondence_tool_public,https://github.com/ministryofjustice/correspondence_tool_public,5.2.0,undefined
alphagov/verify-self-service,https://github.com/alphagov/verify-self-service,3.1.0,N/A
alphagov/rails-starter-app,https://github.com/alphagov/rails-starter-app,2.11.0,N/A
ministryofjustice/fb-editor-console-electron,https://github.com/ministryofjustice/fb-editor-console-electron,3.8.1,N/A
ministryofjustice/tax-tribunals-datacapture,https://github.com/ministryofjustice/tax-tribunals-datacapture,3.12.0,N/A
dvsa/cvs-apply-for-vehicle-test,https://github.com/dvsa/cvs-apply-for-vehicle-test,3.6.0,N/A
alphagov/emergency-alerts-admin,https://github.com/alphagov/emergency-alerts-admin,4.8.0,undefined
UKHomeOffice/business-data-manager,https://github.com/UKHomeOffice/business-data-manager,4.7.0,N/A
DFE-Digital/formbuilder-demo,https://github.com/DFE-Digital/formbuilder-demo,3.11.0,N/A
hmcts/snl-frontend,https://github.com/hmcts/snl-frontend,2.0.0,N/A
ministryofjustice/laa-review-criminal-legal-aid,https://github.com/ministryofjustice/laa-review-criminal-legal-aid,5.2.0,2024-01-11T11:47:26Z
hmcts/look-and-feel,https://github.com/hmcts/look-and-feel,3.6.0,N/A
ministryofjustice/laa-check-client-qualifies,https://github.com/ministryofjustice/laa-check-client-qualifies,5.4.0,2024-02-20T10:05:18Z
ministryofjustice/fb-components,https://github.com/ministryofjustice/fb-components,3.14.0,N/A
DFE-Digital/pre-ab-conversions,https://github.com/DFE-Digital/pre-ab-conversions,4.3.1,N/A
ministryofjustice/make-recall-decision-ui,https://github.com/ministryofjustice/make-recall-decision-ui,4.8.0,2024-04-08T16:55:50Z
department-for-transport-BODS/abods-frontend,https://github.com/department-for-transport-BODS/abods-frontend,4.5.0,N/A
DFE-Digital/early-years-foundation-recovery,https://github.com/DFE-Digital/early-years-foundation-recovery,4.8.0,2024-02-16T13:20:24Z
govuk-one-login/ipv-cri-uk-passport-front,https://github.com/govuk-one-login/ipv-cri-uk-passport-front,4.3.1,N/A
govuk-one-login/ipv-core-front,https://github.com/govuk-one-login/ipv-core-front,4.8.0,undefined
UKGovernmentBEIS/regulated-professions-register,https://github.com/UKGovernmentBEIS/regulated-professions-register,4.8.0,2024-02-06T08:44:55Z
ministryofjustice/moving-people-safely,https://github.com/ministryofjustice/moving-people-safely,2.5.1,N/A
hmrc/add-taxes-frontend,https://github.com/hmrc/add-taxes-frontend,3.12.0,N/A
hmcts/juror-public-frontend,https://github.com/hmcts/juror-public-frontend,3.14.0,N/A
Crown-Commercial-Service/conclave-ssso-ui,https://github.com/Crown-Commercial-Service/conclave-ssso-ui,3.13.1,N/A
uktrade/export-support,https://github.com/uktrade/export-support,3.15.0,2024-02-29T16:19:55Z
NeXt-Warning-System/get-flood-warnings,https://github.com/NeXt-Warning-System/get-flood-warnings,3.14.0,N/A
ministryofjustice/manage-key-workers,https://github.com/ministryofjustice/manage-key-workers,4.6.0,N/A
companieshouse/ch-account-ui,https://github.com/companieshouse/ch-account-ui,4.6.0,N/A
Crown-Commercial-Service/digitalmarketplace-buyer-frontend,https://github.com/Crown-Commercial-Service/digitalmarketplace-buyer-frontend,3.14.0,N/A
ministryofjustice/fala,https://github.com/ministryofjustice/fala,4.8.0,undefined
alphagov/document-download-frontend,https://github.com/alphagov/document-download-frontend,4.8.0,undefined
companieshouse/certificates.orders.web.ch.gov.uk,https://github.com/companieshouse/certificates.orders.web.ch.gov.uk,4.7.0,N/A
hmcts/ia-aip-frontend,https://github.com/hmcts/ia-aip-frontend,4.7.0,N/A
DEFRA/fws-app,https://github.com/DEFRA/fws-app,4.0.1,N/A
uktrade/data-hub-helpcentre,https://github.com/uktrade/data-hub-helpcentre,3.5.0,N/A
alphagov/govwifi-product-page,https://github.com/alphagov/govwifi-product-page,4.7.0,N/A
LandRegistry/govuk-react-components,https://github.com/LandRegistry/govuk-react-components,3.1.0,N/A
Crown-Commercial-Service/ccs-frontend,https://github.com/Crown-Commercial-Service/ccs-frontend,5.4.0,2024-06-04T11:41:46Z
ukgov-equality-hub/ethnicity-facts-and-figures,https://github.com/ukgov-equality-hub/ethnicity-facts-and-figures,3.15.0,undefined
UKHomeOffice/modern-slavery,https://github.com/UKHomeOffice/modern-slavery,2.7.0,N/A
SkillsFundingAgency/sfs-sitedesign,https://github.com/SkillsFundingAgency/sfs-sitedesign,2.5.1,N/A
ministryofjustice/offender-categorisation,https://github.com/ministryofjustice/offender-categorisation,5.3.0,2024-04-04T06:57:04Z
ministryofjustice/offender-management-allocation-manager,https://github.com/ministryofjustice/offender-management-allocation-manager,4.5.0,N/A
SkillsFundingAgency/das-frontend,https://github.com/SkillsFundingAgency/das-frontend,5.3.1,2024-02-06T09:05:02Z
Crown-Commercial-Service/DataSubmissionService,https://github.com/Crown-Commercial-Service/DataSubmissionService,3.15.0,undefined
hmcts/sscs-cor-frontend,https://github.com/hmcts/sscs-cor-frontend,4.8.0,undefined
UKHomeOffice/hocs-frontend,https://github.com/UKHomeOffice/hocs-frontend,4.4.1,N/A
hmcts/juror-bureau,https://github.com/hmcts/juror-bureau,4.8.0,2024-03-01T10:39:07Z
cabinetoffice/github-requests-app,https://github.com/cabinetoffice/github-requests-app,4.8.0,undefined
defra-design/fcp-farming-front-door,https://github.com/defra-design/fcp-farming-front-door,5.2.0,2024-02-19T08:39:13Z
cabinetoffice/node-web-template,https://github.com/cabinetoffice/node-web-template,4.8.0,undefined
govuk-one-login/orchestration-frontend,https://github.com/govuk-one-login/orchestration-frontend,4.8.0,2024-02-14T10:57:45Z
govuk-one-login/ipv-cri-kbv-hmrc-front,https://github.com/govuk-one-login/ipv-cri-kbv-hmrc-front,4.8.0,2024-02-19T10:07:24Z
ministryofjustice/hmpps-education-and-work-plan-ui,https://github.com/ministryofjustice/hmpps-education-and-work-plan-ui,5.3.1,2024-01-24T15:16:53Z
DFE-Digital/check-childrens-barred-list,https://github.com/DFE-Digital/check-childrens-barred-list,5.3.0,2024-02-22T16:25:29Z
uktrade/gds-technical-documentation-template,https://github.com/uktrade/gds-technical-documentation-template,4.2.0,N/A
DFE-Digital/design,https://github.com/DFE-Digital/design,5.3.1,2024-04-29T14:29:12Z
hmcts/darts-portal,https://github.com/hmcts/darts-portal,5.3.1,2024-01-17T09:38:11Z
ministryofjustice/laa-architect-info,https://github.com/ministryofjustice/laa-architect-info,4.5.0,N/A
ministryofjustice/hmpps-book-a-prison-visit-ui,https://github.com/ministryofjustice/hmpps-book-a-prison-visit-ui,5.4.0,2024-02-16T17:49:27Z
defencedigital/moduk-service-toolkit,https://github.com/defencedigital/moduk-service-toolkit,4.5.0,N/A
ministryofjustice/laa-fee-calculator-user-interface,https://github.com/ministryofjustice/laa-fee-calculator-user-interface,4.4.1,N/A
govuk-one-login/ipv-cri-cic-front,https://github.com/govuk-one-login/ipv-cri-cic-front,4.8.0,2024-02-19T13:17:36Z
ministryofjustice/hmpps-temporary-accommodation-ui,https://github.com/ministryofjustice/hmpps-temporary-accommodation-ui,4.7.0,N/A
alphagov/isf-assess-the-strength-of-your-checks-rails,https://github.com/alphagov/isf-assess-the-strength-of-your-checks-rails,2.11.0,N/A
communitiesuk/digital-form-builder,https://github.com/communitiesuk/digital-form-builder,3.2.0,N/A
DFE-Digital/refer-serious-misconduct,https://github.com/DFE-Digital/refer-serious-misconduct,5.4.0,2024-02-08T12:07:34Z
ministryofjustice/opg-performance-data,https://github.com/ministryofjustice/opg-performance-data,4.8.0,2024-02-08T16:38:18Z
UKHomeOffice/callisto-ui,https://github.com/UKHomeOffice/callisto-ui,4.2.0,N/A
dwp/HAS-assessments,https://github.com/dwp/HAS-assessments,4.3.1,N/A
defencedigital/moduk-service-manual,https://github.com/defencedigital/moduk-service-manual,4.3.1,N/A
alphagov/accessibility-monitoring-platform,https://github.com/alphagov/accessibility-monitoring-platform,5.4.0,2024-02-13T09:29:53Z
DFE-Digital/dfe-complete-conversions-transfers-and-changes,https://github.com/DFE-Digital/dfe-complete-conversions-transfers-and-changes,4.8.0,2024-05-01T09:08:06Z
DEFRA/fmp-app,https://github.com/DEFRA/fmp-app,4.8.0,2024-02-06T14:58:46Z
DFE-Digital/curriculum-materials,https://github.com/DFE-Digital/curriculum-materials,3.6.0,N/A
hmcts/frontend,https://github.com/hmcts/frontend,3.10.2,N/A
hmcts/prl-citizen-frontend,https://github.com/hmcts/prl-citizen-frontend,4.3.1,N/A
ministryofjustice/hmpps-nomis-sync-dashboard,https://github.com/ministryofjustice/hmpps-nomis-sync-dashboard,5.3.1,2024-02-06T17:04:00Z
digital-land/design-system,https://github.com/digital-land/design-system,4.0.1,N/A
hmcts/fis-ds-web,https://github.com/hmcts/fis-ds-web,4.0.0,N/A
hmcts/ctsc-web-chat,https://github.com/hmcts/ctsc-web-chat,2.13.0,N/A
ministryofjustice/local-scorecard,https://github.com/ministryofjustice/local-scorecard,4.0.1,N/A
govuk-one-login/ipv-cri-address-front,https://github.com/govuk-one-login/ipv-cri-address-front,4.8.0,2024-02-19T09:45:40Z
hmcts/et-sya-frontend,https://github.com/hmcts/et-sya-frontend,4.8.0,2024-02-20T10:02:50Z
ministryofjustice/send-legal-mail-to-prisons,https://github.com/ministryofjustice/send-legal-mail-to-prisons,5.3.1,2024-02-23T11:19:59Z
ministryofjustice/hmcts-common-platform-mock-api,https://github.com/ministryofjustice/hmcts-common-platform-mock-api,4.7.0,N/A
dwp/idt-ei-ui,https://github.com/dwp/idt-ei-ui,3.14.0,undefined
hmcts/adoption-web,https://github.com/hmcts/adoption-web,4.8.0,2024-02-20T08:31:57Z
dwp/agentSafeguarding,https://github.com/dwp/agentSafeguarding,3.9.1,N/A
ministryofjustice/manage-a-workforce-ui,https://github.com/ministryofjustice/manage-a-workforce-ui,4.8.0,2024-04-29T09:58:48Z
ministryofjustice/pre-sentence-service,https://github.com/ministryofjustice/pre-sentence-service,4.4.0,N/A
hmrc/corporation-tax-frontend,https://github.com/hmrc/corporation-tax-frontend,3.12.0,N/A
hmrc/vat-frontend,https://github.com/hmrc/vat-frontend,3.12.0,N/A
ministryofjustice/hmpps-restricted-patients,https://github.com/ministryofjustice/hmpps-restricted-patients,5.3.1,2024-02-14T11:05:55Z
ministryofjustice/network-access-control-admin,https://github.com/ministryofjustice/network-access-control-admin,3.8.1,N/A
defra-design/check-for-flooding,https://github.com/defra-design/check-for-flooding,3.12.0,N/A
hmrc/tracking-consent-frontend,https://github.com/hmrc/tracking-consent-frontend,5.3.0,2024-04-22T09:44:20Z
DEFRA/ffc-sfi-map-web,https://github.com/DEFRA/ffc-sfi-map-web,3.14.0,N/A
defra-design/whitehall-template,https://github.com/defra-design/whitehall-template,3.11.0,N/A
ministryofjustice/opg-sirius-supervision-workflow,https://github.com/ministryofjustice/opg-sirius-supervision-workflow,5.3.1,undefined
DFE-Digital/sdd-design-history,https://github.com/DFE-Digital/sdd-design-history,3.10.2,N/A
trade-tariff/trade-tariff-duty-calculator,https://github.com/trade-tariff/trade-tariff-duty-calculator,5.3.1,2024-05-08T08:24:39Z
trade-tariff/trade-tariff-frontend,https://github.com/trade-tariff/trade-tariff-frontend,5.3.1,2024-05-08T08:25:01Z
UKGovernmentBEIS/transparency-db-admin-portal,https://github.com/UKGovernmentBEIS/transparency-db-admin-portal,3.15.0,undefined
hmcts/nfdiv-frontend,https://github.com/hmcts/nfdiv-frontend,5.4.0,2024-04-05T11:40:21Z
UKGovernmentBEIS/transparency-db-publicsearch-portal,https://github.com/UKGovernmentBEIS/transparency-db-publicsearch-portal,3.15.0,2024-02-29T11:02:33Z
ministryofjustice/hmpps-interventions-ui,https://github.com/ministryofjustice/hmpps-interventions-ui,4.7.0,N/A
ministryofjustice/prison-services-feedback-and-support,https://github.com/ministryofjustice/prison-services-feedback-and-support,5.0.0,N/A
ministryofjustice/formbuilder-product-page,https://github.com/ministryofjustice/formbuilder-product-page,4.8.0,undefined
ministryofjustice/prisoner-content-hub-frontend,https://github.com/ministryofjustice/prisoner-content-hub-frontend,4.8.0,2024-03-26T10:24:16Z
DEFRA/waste-export-controls-tool,https://github.com/DEFRA/waste-export-controls-tool,3.9.0,N/A
companieshouse/lfp-appeals-frontend,https://github.com/companieshouse/lfp-appeals-frontend,3.15.0,2024-02-15T14:29:20Z
DEFRA/hapi-govuk-question-page,https://github.com/DEFRA/hapi-govuk-question-page,3.11.0,N/A
uktrade/dit-contact-forms,https://github.com/uktrade/dit-contact-forms,3.14.0,N/A
LandRegistry/digital-registration-service,https://github.com/LandRegistry/digital-registration-service,4.1.0,N/A
hmcts/hwf-staffapp,https://github.com/hmcts/hwf-staffapp,5.4.0,undefined
communitiesuk/foi-submissions,https://github.com/communitiesuk/foi-submissions,3.0.0,N/A
hmcts/ccpay-bubble,https://github.com/hmcts/ccpay-bubble,2.13.0,N/A
DFE-Digital/buying-for-schools-v2,https://github.com/DFE-Digital/buying-for-schools-v2,5.2.0,2024-02-22T15:57:11Z
hmcts/div-decree-absolute-frontend,https://github.com/hmcts/div-decree-absolute-frontend,2.13.0,N/A
hmcts/div-decree-nisi-frontend,https://github.com/hmcts/div-decree-nisi-frontend,2.13.0,N/A
UKGovernmentBEIS/beis-spl-planner,https://github.com/UKGovernmentBEIS/beis-spl-planner,3.14.0,N/A
hmcts/em-media-viewer,https://github.com/hmcts/em-media-viewer,4.8.0,2024-02-06T08:35:11Z
ministryofjustice/check-my-diary,https://github.com/ministryofjustice/check-my-diary,5.3.1,2024-02-06T10:13:49Z
DFE-Digital/npd-find-and-explore,https://github.com/DFE-Digital/npd-find-and-explore,3.5.0,N/A
dvsa/olcs-static,https://github.com/dvsa/olcs-static,3.5.0,N/A
UKHomeOffice/frontend-toolkit,https://github.com/UKHomeOffice/frontend-toolkit,1.3.0,N/A
hmcts/ccd-admin-web,https://github.com/hmcts/ccd-admin-web,1.3.0,N/A
ministryofjustice/laa-crime-equinity-historical-data-frontend,https://github.com/ministryofjustice/laa-crime-equinity-historical-data-frontend,5.2.0,undefined
ministryofjustice/opg-modernising-lpa-docs,https://github.com/ministryofjustice/opg-modernising-lpa-docs,4.6.0,N/A
DEFRA/cdp-uploader,https://github.com/DEFRA/cdp-uploader,5.3.1,undefined
DEFRA/ffc-sfd-messages,https://github.com/DEFRA/ffc-sfd-messages,5.2.0,2024-03-12T11:00:19Z
DEFRA/ffc-sfd-landing-page,https://github.com/DEFRA/ffc-sfd-landing-page,5.2.0,2024-03-12T15:18:59Z
ministryofjustice/hmpps-resettlement-passport-person-on-probation-ui,https://github.com/ministryofjustice/hmpps-resettlement-passport-person-on-probation-ui,5.4.0,2024-02-09T09:45:29Z
DFE-Digital/improve-workload-and-wellbeing-for-school-staff,https://github.com/DFE-Digital/improve-workload-and-wellbeing-for-school-staff,4.7.0,N/A
alphagov/verify-product-page,https://github.com/alphagov/verify-product-page,3.1.0,N/A
DEFRA/ffc-ffd-frontend-poc,https://github.com/DEFRA/ffc-ffd-frontend-poc,4.7.0,N/A
ministryofjustice/analytics-platform-control-panel-public,https://github.com/ministryofjustice/analytics-platform-control-panel-public,3.14.0,N/A
ministryofjustice/hmpps-dpr-tools-ui,https://github.com/ministryofjustice/hmpps-dpr-tools-ui,5.3.1,2024-02-15T09:13:41Z
DFE-Digital/itt-mentor-services,https://github.com/DFE-Digital/itt-mentor-services,5.4.0,2024-02-05T18:54:50Z
DEFRA/ffc-ffd-auth,https://github.com/DEFRA/ffc-ffd-auth,4.7.0,N/A
DEFRA/ffc-ffd-landing-page,https://github.com/DEFRA/ffc-ffd-landing-page,4.7.0,N/A
DEFRA/aphw-ddi-portal,https://github.com/DEFRA/aphw-ddi-portal,5.0.0,N/A
govuk-one-login/di-fec-ga4-demo,https://github.com/govuk-one-login/di-fec-ga4-demo,4.7.0,N/A
govuk-one-login/ipv-cri-bav-front,https://github.com/govuk-one-login/ipv-cri-bav-front,4.8.0,2024-02-14T11:44:22Z
defra-design/plant-health-information,https://github.com/defra-design/plant-health-information,4.7.0,N/A
hmcts/juror-public,https://github.com/hmcts/juror-public,4.8.0,2024-03-04T16:09:01Z
ministryofjustice/hmpps-dpr-fake-dps-service-ui,https://github.com/ministryofjustice/hmpps-dpr-fake-dps-service-ui,5.3.1,2024-03-01T12:22:22Z
ministryofjustice/hale-dash,https://github.com/ministryofjustice/hale-dash,4.6.0,N/A
ministryofjustice/hmpps-digital-prison-reporting-frontend,https://github.com/ministryofjustice/hmpps-digital-prison-reporting-frontend,5.3.0,2024-02-14T13:09:01Z
ministryofjustice/hmpps-send-legal-mail-staff-ui,https://github.com/ministryofjustice/hmpps-send-legal-mail-staff-ui,5.4.0,2024-02-09T16:04:45Z
alphagov/govuk-personalisation-showcase-2022,https://github.com/alphagov/govuk-personalisation-showcase-2022,4.1.0,N/A
defra-design/fcp-one-off-grants,https://github.com/defra-design/fcp-one-off-grants,5.1.0,undefined
alphagov/pay-dependabot-stats,https://github.com/alphagov/pay-dependabot-stats,3.4.0,N/A
ministryofjustice/hmpps-digital-prison-services,https://github.com/ministryofjustice/hmpps-digital-prison-services,5.4.0,2024-02-16T12:59:58Z
govuk-one-login/di-one-login-home,https://github.com/govuk-one-login/di-one-login-home,5.2.0,2024-05-02T10:03:35Z
ministryofjustice/hmpps-resettlement-passport-ui,https://github.com/ministryofjustice/hmpps-resettlement-passport-ui,5.4.0,2024-04-09T09:04:43Z
companieshouse/accounts-filing-web,https://github.com/companieshouse/accounts-filing-web,4.8.0,2024-04-03T12:19:49Z
UKHSA-Internal/data-dashboard-frontend,https://github.com/UKHSA-Internal/data-dashboard-frontend,5.3.0,2024-02-27T10:59:27Z
defra-design/cap-flood-warning-codes,https://github.com/defra-design/cap-flood-warning-codes,3.5.0,N/A
ministryofjustice/sentence-planning,https://github.com/ministryofjustice/sentence-planning,3.5.0,N/A
DFE-Digital/apply-the-service-standard-in-dfe,https://github.com/DFE-Digital/apply-the-service-standard-in-dfe,5.3.1,2024-03-06T09:57:37Z
ministryofjustice/hmpps-digital-prison-reporting-mi-ui,https://github.com/ministryofjustice/hmpps-digital-prison-reporting-mi-ui,5.3.1,2024-02-15T09:11:41Z
ministryofjustice/hmpps-ciag-careers-induction-ui,https://github.com/ministryofjustice/hmpps-ciag-careers-induction-ui,5.0.0,N/A
UKGovernmentBEIS/beis-orp-application,https://github.com/UKGovernmentBEIS/beis-orp-application,4.3.1,N/A
ministryofjustice/hmpps-launchpad-home-ui,https://github.com/ministryofjustice/hmpps-launchpad-home-ui,5.4.0,2024-02-09T08:17:21Z
ministryofjustice/laa-submit-crime-forms,https://github.com/ministryofjustice/laa-submit-crime-forms,5.4.0,undefined
companieshouse/node-review-web-starter-ts,https://github.com/companieshouse/node-review-web-starter-ts,4.7.0,N/A
govuk-one-login/ipv-cri-f2f-front,https://github.com/govuk-one-login/ipv-cri-f2f-front,4.8.0,undefined
ministryofjustice/laa-assure-hmrc-data,https://github.com/ministryofjustice/laa-assure-hmrc-data,5.4.0,2024-02-16T07:52:58Z
DFE-Digital/access-your-teaching-qualifications,https://github.com/DFE-Digital/access-your-teaching-qualifications,5.4.0,2024-02-22T16:40:06Z
alphagov/di-authentication-account-redirect-page,https://github.com/alphagov/di-authentication-account-redirect-page,4.5.0,N/A
cabinetoffice/gap-find-web,https://github.com/cabinetoffice/gap-find-web,3.15.0,2024-02-09T15:42:40Z
co-cddo/api-spec-linter,https://github.com/co-cddo/api-spec-linter,4.0.1,N/A
govuk-one-login/ipv-cri-uk-passport-front-v1,https://github.com/govuk-one-login/ipv-cri-uk-passport-front-v1,4.8.0,undefined
alphagov/tech-docs-assets,https://github.com/alphagov/tech-docs-assets,4.0.1,N/A
Crown-Commercial-Service/digitalmarketplace-design-patterns,https://github.com/Crown-Commercial-Service/digitalmarketplace-design-patterns,1.0.0,N/A
DEFRA/ffc-techspike-authentication,https://github.com/DEFRA/ffc-techspike-authentication,4.0.1,N/A
DFE-Digital/teach-in-further-education,https://github.com/DFE-Digital/teach-in-further-education,3.12.0,N/A
hmcts/angular-dynamic-form-builder,https://github.com/hmcts/angular-dynamic-form-builder,2.6.0,N/A
hmcts/collectaform,https://github.com/hmcts/collectaform,3.14.0,N/A
ministryofjustice/jason-demo,https://github.com/ministryofjustice/jason-demo,3.10.1,N/A
ministryofjustice/moj-register-of-services,https://github.com/ministryofjustice/moj-register-of-services,2.12.0,N/A
ministryofjustice/workforce-management,https://github.com/ministryofjustice/workforce-management,3.10.2,N/A
Government-People-Group/csjobs-pre-employment-checks,https://github.com/Government-People-Group/csjobs-pre-employment-checks,4.5.0,N/A
ministryofjustice/manage-my-prison,https://github.com/ministryofjustice/manage-my-prison,4.0.1,N/A
hmcts/ccfr-fees-register-admin-web,https://github.com/hmcts/ccfr-fees-register-admin-web,4.3.0,N/A
ministryofjustice/form-app-starter,https://github.com/ministryofjustice/form-app-starter,2.12.0,N/A
DEFRA/ffc-mpdp-frontend,https://github.com/DEFRA/ffc-mpdp-frontend,4.3.1,N/A
govuk-one-login/ipv-cri-dl-front,https://github.com/govuk-one-login/ipv-cri-dl-front,4.8.0,undefined
ministryofjustice/access-to-probation,https://github.com/ministryofjustice/access-to-probation,3.9.1,N/A
hmrc/accessibility-personas,https://github.com/hmrc/accessibility-personas,4.3.1,N/A
hmcts/bar-web,https://github.com/hmcts/bar-web,4.8.0,undefined
ministryofjustice/hmpps-historical-prisoner,https://github.com/ministryofjustice/hmpps-historical-prisoner,5.3.0,2024-03-11T11:28:44Z
co-cddo/dataconnect,https://github.com/co-cddo/dataconnect,3.13.1,N/A
dwp/appeal-response,https://github.com/dwp/appeal-response,4.3.0,N/A
ministryofjustice/hmpps-approved-premises-ui,https://github.com/ministryofjustice/hmpps-approved-premises-ui,5.4.0,2024-02-21T13:09:57Z
hmcts/fis-ds-update-web,https://github.com/hmcts/fis-ds-update-web,4.7.0,N/A
ministryofjustice/bichard7-next-ui,https://github.com/ministryofjustice/bichard7-next-ui,5.4.0,2024-02-12T08:06:58Z
DFE-Digital/pre-ab-transfers,https://github.com/DFE-Digital/pre-ab-transfers,3.14.0,N/A
uktrade/trade-tariff-reference,https://github.com/uktrade/trade-tariff-reference,2.13.0,N/A
govuk-one-login/ipv-cri-fraud-front,https://github.com/govuk-one-login/ipv-cri-fraud-front,4.8.0,2024-02-19T10:02:08Z
uktrade/DIT-design-history,https://github.com/uktrade/DIT-design-history,4.6.0,N/A
uktrade/approval-firebreak,https://github.com/uktrade/approval-firebreak,3.11.0,N/A
companieshouse/sic-code-web,https://github.com/companieshouse/sic-code-web,4.7.0,N/A
DFE-Digital/rails-7-boilerplate,https://github.com/DFE-Digital/rails-7-boilerplate,3.13.1,N/A
alphagov/govwifi-dashboard,https://github.com/alphagov/govwifi-dashboard,3.6.0,N/A
alphagov/pay-direct-debit-frontend,https://github.com/alphagov/pay-direct-debit-frontend,3.11.0,N/A
govuk-one-login/ipv-cri-kbv-front,https://github.com/govuk-one-login/ipv-cri-kbv-front,4.8.0,2024-02-19T09:50:42Z
LandRegistry/portal-refresh-plus,https://github.com/LandRegistry/portal-refresh-plus,4.3.1,N/A
DFE-Digital/SDD-IxD-Clan,https://github.com/DFE-Digital/SDD-IxD-Clan,4.0.0,N/A
ministryofjustice/hmpps-incentives-ui,https://github.com/ministryofjustice/hmpps-incentives-ui,5.4.0,2024-02-06T16:37:29Z
ministryofjustice/accessibility-book-club,https://github.com/ministryofjustice/accessibility-book-club,4.0.0,N/A
Government-People-Group/csjobs-advanced-search,https://github.com/Government-People-Group/csjobs-advanced-search,4.0.0,N/A
DFE-Digital/improving-children-and-family-services-through-digital-technology,https://github.com/DFE-Digital/improving-children-and-family-services-through-digital-technology,3.13.0,N/A
hmcts/lau-frontend,https://github.com/hmcts/lau-frontend,5.4.0,2024-02-05T21:42:14Z
SkillsFundingAgency/das-epao-fireitup,https://github.com/SkillsFundingAgency/das-epao-fireitup,2.5.1,N/A
trade-tariff/trade-tariff-admin,https://github.com/trade-tariff/trade-tariff-admin,5.3.1,2024-05-08T08:31:36Z
hmcts/idam-user-dashboard,https://github.com/hmcts/idam-user-dashboard,5.3.1,2022-02-01T19:39:02Z
ministryofjustice/opg-sirius-supervision-firm-deputy-hub,https://github.com/ministryofjustice/opg-sirius-supervision-firm-deputy-hub,5.3.1,undefined
ministryofjustice/hmpps-manage-adjudications,https://github.com/ministryofjustice/hmpps-manage-adjudications,5.4.0,2024-02-13T13:40:30Z
uktrade/SIELs2,https://github.com/uktrade/SIELs2,4.3.1,N/A
uktrade/jml,https://github.com/uktrade/jml,4.8.0,2024-03-26T11:19:34Z
alphagov/vuejs-json-dashboardify,https://github.com/alphagov/vuejs-json-dashboardify,2.13.0,N/A
UKHomeOffice/incident-report,https://github.com/UKHomeOffice/incident-report,2.7.0,N/A
ministryofjustice/create-and-vary-a-licence,https://github.com/ministryofjustice/create-and-vary-a-licence,5.4.0,2024-06-03T15:33:56Z
ministryofjustice/opg-sirius-user-management,https://github.com/ministryofjustice/opg-sirius-user-management,5.3.1,2024-03-11T08:47:35Z
hmcts/pip-frontend,https://github.com/hmcts/pip-frontend,5.3.1,2024-04-17T15:25:09Z
dwp/atw-application-service,https://github.com/dwp/atw-application-service,3.14.0,N/A
dwp/cms-options,https://github.com/dwp/cms-options,4.3.1,N/A
ministryofjustice/bichard7-next-user-service,https://github.com/ministryofjustice/bichard7-next-user-service,5.4.0,2024-02-08T15:35:54Z
DFE-Digital/teaching-vacancies-design-history,https://github.com/DFE-Digital/teaching-vacancies-design-history,4.0.0,N/A
dwp/atw-payment-claims-service,https://github.com/dwp/atw-payment-claims-service,4.1.0,N/A
dwp/pension-age,https://github.com/dwp/pension-age,2.8.0,N/A
UKForeignOffice/lists,https://github.com/UKForeignOffice/lists,3.14.0,N/A
DFE-Digital/conversions-design-history,https://github.com/DFE-Digital/conversions-design-history,3.10.2,N/A
communitiesuk/community-engagement-playbook,https://github.com/communitiesuk/community-engagement-playbook,3.10.1,N/A
communitiesuk/mhclg-services-map-kit-v9-12,https://github.com/communitiesuk/mhclg-services-map-kit-v9-12,3.10.1,N/A
DFE-Digital/res-design-history,https://github.com/DFE-Digital/res-design-history,3.10.2,N/A
ministryofjustice/fb-components-core,https://github.com/ministryofjustice/fb-components-core,3.4.0,N/A
uktrade/data-explorer,https://github.com/uktrade/data-explorer,3.6.0,N/A
DFE-Digital/academy-transfers-frontend,https://github.com/DFE-Digital/academy-transfers-frontend,3.9.1,N/A
Crown-Commercial-Service/reportmi-frontend,https://github.com/Crown-Commercial-Service/reportmi-frontend,2.8.0,N/A
Crown-Commercial-Service/reportmi-static-error-pages,https://github.com/Crown-Commercial-Service/reportmi-static-error-pages,1.2.0,N/A
alphagov/rails-lambda-spike,https://github.com/alphagov/rails-lambda-spike,2.9.0,N/A
SkillsFundingAgency/myesf-doc-ex-internal,https://github.com/SkillsFundingAgency/myesf-doc-ex-internal,3.11.0,N/A
DEFRA/ffc-sfi-frontend,https://github.com/DEFRA/ffc-sfi-frontend,3.10.2,N/A
hmcts/fact-admin,https://github.com/hmcts/fact-admin,4.6.0,N/A
DEFRA/pattern-library,https://github.com/DEFRA/pattern-library,2.4.0,N/A
uktrade/lite-frontend,https://github.com/uktrade/lite-frontend,4.8.0,2024-02-23T09:58:37Z
DFE-Digital/eapim-developer-hub,https://github.com/DFE-Digital/eapim-developer-hub,3.6.0,N/A
UKForeignOffice/loi-payment-service,https://github.com/UKForeignOffice/loi-payment-service,4.8.0,undefined
Crown-Commercial-Service/digitalmarketplace-briefs-frontend,https://github.com/Crown-Commercial-Service/digitalmarketplace-briefs-frontend,3.14.0,N/A
ministryofjustice/staff-device-dns-dhcp-admin,https://github.com/ministryofjustice/staff-device-dns-dhcp-admin,3.8.1,N/A
ministryofjustice/wp-moj-blocks,https://github.com/ministryofjustice/wp-moj-blocks,5.2.0,undefined
DFE-Digital/early-careers-framework-gov-templates,https://github.com/DFE-Digital/early-careers-framework-gov-templates,3.7.0,N/A
dvsa/dvsa-design-system,https://github.com/dvsa/dvsa-design-system,4.0.1,N/A
companieshouse/strike-off-objections-web,https://github.com/companieshouse/strike-off-objections-web,3.14.0,N/A
DFEAGILEDEVOPS/SFB.SAD.UI,https://github.com/DFEAGILEDEVOPS/SFB.SAD.UI,3.15.0,2024-02-21T17:08:23Z
dwp/newstylejsa-admin,https://github.com/dwp/newstylejsa-admin,2.0.0,N/A
DFEAGILEDEVOPS/SFB.EF.UI,https://github.com/DFEAGILEDEVOPS/SFB.EF.UI,3.15.0,2024-02-21T16:48:22Z
companieshouse/restricted-word-web,https://github.com/companieshouse/restricted-word-web,3.6.0,N/A
uktrade/enquiry-mgmt-tool,https://github.com/uktrade/enquiry-mgmt-tool,5.4.0,2024-02-15T16:42:31Z
companieshouse/orders.web.ch.gov.uk,https://github.com/companieshouse/orders.web.ch.gov.uk,4.7.0,N/A
companieshouse/promise-to-file-web,https://github.com/companieshouse/promise-to-file-web,3.14.0,N/A
SkillsFundingAgency/das-qna-config,https://github.com/SkillsFundingAgency/das-qna-config,3.11.0,N/A
cabinetoffice/national-leadership-centre-website,https://github.com/cabinetoffice/national-leadership-centre-website,3.3.0,N/A
hmcts/probate-caveats-frontend,https://github.com/hmcts/probate-caveats-frontend,4.8.0,2024-03-04T11:29:45Z
ministryofjustice/fb-runner,https://github.com/ministryofjustice/fb-runner,3.0.0,N/A
DFE-Digital/buying-for-schools-admin,https://github.com/DFE-Digital/buying-for-schools-admin,2.13.0,N/A
ministryofjustice/analytics-platform-control-panel,https://github.com/ministryofjustice/analytics-platform-control-panel,3.14.0,N/A
UKGovernmentBEIS/beis-spl-eligibility-tool,https://github.com/UKGovernmentBEIS/beis-spl-eligibility-tool,3.11.0,N/A
dwp/share-information-for-your-blue-badge-application,https://github.com/dwp/share-information-for-your-blue-badge-application,2.9.0,N/A
alphagov/fn4g-tool,https://github.com/alphagov/fn4g-tool,2.5.1,N/A
communitiesuk/stakeholder-engagement-frontend,https://github.com/communitiesuk/stakeholder-engagement-frontend,2.7.0,N/A
communitiesuk/stakeholder-engagement,https://github.com/communitiesuk/stakeholder-engagement,2.5.1,N/A
UKHomeOffice/accessibility-guide,https://github.com/UKHomeOffice/accessibility-guide,2.4.0,N/A
DEFRA/digital-form-builder-engine,https://github.com/DEFRA/digital-form-builder-engine,2.4.1,N/A
dwp/pyca-hrt-review,https://github.com/dwp/pyca-hrt-review,3.3.0,N/A
alphagov/pe-charts,https://github.com/alphagov/pe-charts,2.13.0,N/A
Crown-Commercial-Service/CMpExampleApp1,https://github.com/Crown-Commercial-Service/CMpExampleApp1,2.0.0,N/A
DEFRA/international-waste-shipments-frontend-training,https://github.com/DEFRA/international-waste-shipments-frontend-training,2.5.1,N/A
DFE-Digital/manage-applications,https://github.com/DFE-Digital/manage-applications,1.0.0,N/A
ministryofjustice/request-info-from-moj,https://github.com/ministryofjustice/request-info-from-moj,3.10.1,N/A
DFE-Digital/architecture-manual,https://github.com/DFE-Digital/architecture-manual,5.1.0,undefined
digital-land/provider-design-sprint,https://github.com/digital-land/provider-design-sprint,5.3.1,undefined
ministryofjustice/hmpps-sentence-plan-ui-old,https://github.com/ministryofjustice/hmpps-sentence-plan-ui-old,5.2.0,2024-02-28T09:20:19Z
DEFRA/test-demo-frontend-1,https://github.com/DEFRA/test-demo-frontend-1,4.7.0,undefined
ministryofjustice/hmpps-challenge-support-intervention-plan-ui,https://github.com/ministryofjustice/hmpps-challenge-support-intervention-plan-ui,5.3.1,2024-02-06T17:04:00Z
DFE-Digital/dfe-frontend,https://github.com/DFE-Digital/dfe-frontend,5.3.1,undefined
DEFRA/pets-demo-11,https://github.com/DEFRA/pets-demo-11,4.7.0,undefined
DEFRA/waste-tracking-service,https://github.com/DEFRA/waste-tracking-service,5.3.0,undefined
DEFRA/disinfectant-dr-test,https://github.com/DEFRA/disinfectant-dr-test,4.7.0,undefined
DFE-Digital/schools-checking-exercise,https://github.com/DFE-Digital/schools-checking-exercise,5.2.0,undefined
DFE-Digital/sa-concept,https://github.com/DFE-Digital/sa-concept,5.0.0,N/A
DEFRA/nipts-pts-checker-web-ui,https://github.com/DEFRA/nipts-pts-checker-web-ui,5.3.1,undefined
trade-tariff/trade-tariff-dev-hub-frontend,https://github.com/trade-tariff/trade-tariff-dev-hub-frontend,5.4.0,undefined
DEFRA/book-live-animal-inspection-ui,https://github.com/DEFRA/book-live-animal-inspection-ui,5.3.0,undefined
ministryofjustice/request-personal-information,https://github.com/ministryofjustice/request-personal-information,5.4.0,undefined
DEFRA/phi-frontend,https://github.com/DEFRA/phi-frontend,5.3.0,undefined
ministryofjustice/hmpps-book-a-video-link-ui,https://github.com/ministryofjustice/hmpps-book-a-video-link-ui,5.4.0,undefined
DEFRA/eutd-mmo-business-continuity,https://github.com/DEFRA/eutd-mmo-business-continuity,3.0.0,N/A
LandRegistry/service-vision,https://github.com/LandRegistry/service-vision,4.8.0,undefined
LandRegistry/digital-mortgage,https://github.com/LandRegistry/digital-mortgage,4.8.0,undefined
ministryofjustice/hmpps-sentence-plan-ui,https://github.com/ministryofjustice/hmpps-sentence-plan-ui,5.3.0,undefined
DFE-Digital/accessibility-manual,https://github.com/DFE-Digital/accessibility-manual,5.1.0,undefined
hmcts/backstage-test-DanielKChristou-nodejs,https://github.com/hmcts/backstage-test-DanielKChristou-nodejs,4.6.0,undefined
cabinetoffice/fb-editor,https://github.com/cabinetoffice/fb-editor,4.4.1,N/A
cabinetoffice/formbuilder-product-page,https://github.com/cabinetoffice/formbuilder-product-page,4.3.1,N/A
DEFRA/coreai-techspike-document-analysis,https://github.com/DEFRA/coreai-techspike-document-analysis,4.7.0,undefined
DEFRA/ffc-sfd-auth,https://github.com/DEFRA/ffc-sfd-auth,5.2.0,undefined
ministryofjustice/hmpps-jobs-board-ui,https://github.com/ministryofjustice/hmpps-jobs-board-ui,5.2.0,undefined
DEFRA/coreai-mcu-frontend,https://github.com/DEFRA/coreai-mcu-frontend,4.7.0,N/A
DEFRA/ffc-sfd-business,https://github.com/DEFRA/ffc-sfd-business,5.3.0,2024-05-22T14:03:27Z
LandRegistry/test-kit-01,https://github.com/LandRegistry/test-kit-01,3.12.0,N/A
DEFRA/cdp-defra-id-demo,https://github.com/DEFRA/cdp-defra-id-demo,4.6.0,N/A
DEFRA/cdp-portal-frontend,https://github.com/DEFRA/cdp-portal-frontend,5.3.1,2024-02-07T17:04:31Z
LandRegistry/search-local-land-charges-ui,https://github.com/LandRegistry/search-local-land-charges-ui,5.3.0,2024-04-15T08:35:04Z
DEFRA/ffc-sfd-ahwp-stub,https://github.com/DEFRA/ffc-sfd-ahwp-stub,5.2.0,2024-03-07T16:39:50Z
DEFRA/ffc-sfd-permissions,https://github.com/DEFRA/ffc-sfd-permissions,5.0.0,N/A
defra-design/fcp-combined-offer,https://github.com/defra-design/fcp-combined-offer,5.0.0,N/A
defra-design/vet-gateway-guidance,https://github.com/defra-design/vet-gateway-guidance,5.0.0,N/A
DEFRA/flood-webchat,https://github.com/DEFRA/flood-webchat,4.7.0,N/A
DFE-Digital/ddt-job-descriptions,https://github.com/DFE-Digital/ddt-job-descriptions,5.1.0,undefined
DEFRA/marine-licensing-frontend-demo,https://github.com/DEFRA/marine-licensing-frontend-demo,5.1.0,undefined
ministryofjustice/hmpps-alerts-ui,https://github.com/ministryofjustice/hmpps-alerts-ui,5.3.1,2024-02-06T17:04:00Z
digital-land/dluhc-interaction-patterns,https://github.com/digital-land/dluhc-interaction-patterns,5.1.0,undefined
hmcts/labs-apps-njs,https://github.com/hmcts/labs-apps-njs,4.8.0,undefined
dwp/fed-test,https://github.com/dwp/fed-test,~4.3.1,undefined
DEFRA/fcp-find-ai-frontend,https://github.com/DEFRA/fcp-find-ai-frontend,4.7.0,undefined
DEFRA/cdp-example-node-frontend,https://github.com/DEFRA/cdp-example-node-frontend,5.3.1,undefined
ministryofjustice/hmpps-manage-a-supervision-ui,https://github.com/ministryofjustice/hmpps-manage-a-supervision-ui,5.4.0,undefined
ministryofjustice/dv-frontend-app-dev,https://github.com/ministryofjustice/dv-frontend-app-dev,5.3.0,undefined
ministryofjustice/kv-frontend-app-dev,https://github.com/ministryofjustice/kv-frontend-app-dev,5.1.0,undefined
LandRegistry/dps-verification-ui,https://github.com/LandRegistry/dps-verification-ui,2.6.0,N/A
dwp/SRA-UCD-sandpit,https://github.com/dwp/SRA-UCD-sandpit,5.0.0,undefined
co-cddo/esda-builder,https://github.com/co-cddo/esda-builder,5.2.0,2024-02-21T14:33:07Z
ministryofjustice/bh-frontend-app-dev,https://github.com/ministryofjustice/bh-frontend-app-dev,5.1.0,2024-02-19T10:33:48Z
LandRegistry/accessibility-statement-template,https://github.com/LandRegistry/accessibility-statement-template,3.5.0,N/A
DEFRA/aqie-front-end,https://github.com/DEFRA/aqie-front-end,5.3.0,2024-02-07T12:56:18Z
digital-land/local-plans-home,https://github.com/digital-land/local-plans-home,5.2.0,2024-03-14T09:34:06Z
hmcts/sptribs-dss-update-case-web,https://github.com/hmcts/sptribs-dss-update-case-web,4.8.0,2024-02-21T22:11:54Z
digital-land/local-plans-timetable,https://github.com/digital-land/local-plans-timetable,5.2.0,undefined
LandRegistry/index-template,https://github.com/LandRegistry/index-template,3.0.0,N/A
LandRegistry/index-digital-registration-services,https://github.com/LandRegistry/index-digital-registration-services,3.0.0,N/A
ministryofjustice/opg-sirius-supervision-pro-deputy-hub,https://github.com/ministryofjustice/opg-sirius-supervision-pro-deputy-hub,3.14.0,N/A
ministryofjustice/bh-example-frontend-app-dev,https://github.com/ministryofjustice/bh-example-frontend-app-dev,5.0.0,N/A
DEFRA/mcu-techspike-ai-web,https://github.com/DEFRA/mcu-techspike-ai-web,4.7.0,N/A
DEFRA/ffc-ffd-ahwr-stub,https://github.com/DEFRA/ffc-ffd-ahwr-stub,4.7.0,N/A
ministryofjustice/hmpps-court-cases-release-dates-design,https://github.com/ministryofjustice/hmpps-court-cases-release-dates-design,5.0.0,N/A
defra-design/manage-biodiversity-gains,https://github.com/defra-design/manage-biodiversity-gains,5.2.0,2024-02-16T11:33:43Z
LandRegistry/digital-street-sell-part-of-your-property,https://github.com/LandRegistry/digital-street-sell-part-of-your-property,2.4.0,N/A
ministryofjustice/hmpps-prisoner-location,https://github.com/ministryofjustice/hmpps-prisoner-location,5.3.1,2024-01-09T13:09:49Z
dwp/migration-test,https://github.com/dwp/migration-test,5.0.0,N/A
ministryofjustice/hmpps-interventions-vision,https://github.com/ministryofjustice/hmpps-interventions-vision,5.0.0,undefined
Government-People-Group/staff-transfers-eligibility,https://github.com/Government-People-Group/staff-transfers-eligibility,4.7.0,undefined
DFE-Digital/help-for-early-years-providers,https://github.com/DFE-Digital/help-for-early-years-providers,4.7.0,N/A
alphagov/gds-acronyms,https://github.com/alphagov/gds-acronyms,4.7.0,N/A
DEFRA/trade-exports-packinglistai-ui,https://github.com/DEFRA/trade-exports-packinglistai-ui,4.7.0,N/A
DEFRA/defra-aqie,https://github.com/DEFRA/defra-aqie,4.7.0,N/A
DEFRA/cdp-example-journey-test,https://github.com/DEFRA/cdp-example-journey-test,4.7.0,N/A
DEFRA/ncea-frontend,https://github.com/DEFRA/ncea-frontend,5.1.0,2024-02-16T13:36:59Z
ministryofjustice/hmpps-locations-inside-prison,https://github.com/ministryofjustice/hmpps-locations-inside-prison,5.3.1,2024-02-06T17:04:00Z
defra-design/lars,https://github.com/defra-design/lars,4.4.0,N/A
defra-design/nutrient-management,https://github.com/defra-design/nutrient-management,4.7.0,undefined
ministryofjustice/hmpps-custody-manager-ui,https://github.com/ministryofjustice/hmpps-custody-manager-ui,5.4.0,2024-03-05T12:21:19Z
ministryofjustice/data-platform-firebreak-annual-leave,https://github.com/ministryofjustice/data-platform-firebreak-annual-leave,5.0.0,N/A
companieshouse/acsp-web,https://github.com/companieshouse/acsp-web,4.8.0,2024-02-22T19:09:10Z
OfqualGovUK/specialists-v2,https://github.com/OfqualGovUK/specialists-v2,4.7.0,N/A
alphagov/govspeak-visual-editor,https://github.com/alphagov/govspeak-visual-editor,4.8.0,undefined
defra-design/Import-risk-categorisation,https://github.com/defra-design/Import-risk-categorisation,4.7.0,N/A
companieshouse/your-companies-web,https://github.com/companieshouse/your-companies-web,4.7.0,N/A
DFE-Digital/book-manage-assure-services,https://github.com/DFE-Digital/book-manage-assure-services,4.7.0,N/A
companieshouse/presenter-account-web,https://github.com/companieshouse/presenter-account-web,4.8.0,2024-03-05T10:51:24Z
ministryofjustice/holiday-tracker-ui,https://github.com/ministryofjustice/holiday-tracker-ui,4.0.1,N/A
DEFRA/ffc-find-sfi-checker,https://github.com/DEFRA/ffc-find-sfi-checker,4.7.0,N/A
DEFRA/ffc-future-grants-tech-evaluation,https://github.com/DEFRA/ffc-future-grants-tech-evaluation,3.13.0,N/A
ministryofjustice/hmpps-incident-reporting,https://github.com/ministryofjustice/hmpps-incident-reporting,5.4.0,2024-02-06T09:54:03Z
DEFRA/cdp-test-mo-6,https://github.com/DEFRA/cdp-test-mo-6,4.7.0,N/A
digital-land/design-code-explorer,https://github.com/digital-land/design-code-explorer,4.0.1,N/A
hmcts/ucd-carm-exui-legal-rep-response,https://github.com/hmcts/ucd-carm-exui-legal-rep-response,4.7.0,N/A
DEFRA/cdp-phil-test,https://github.com/DEFRA/cdp-phil-test,4.7.0,N/A
defra-design/movinganimalstogb,https://github.com/defra-design/movinganimalstogb,4.7.0,N/A
ministryofjustice/hale-components,https://github.com/ministryofjustice/hale-components,4.6.0,N/A
ministryofjustice/hmpps-tier-ui,https://github.com/ministryofjustice/hmpps-tier-ui,5.3.1,2024-02-07T13:55:24Z
DEFRA/ffc-grants-laying-hens-web,https://github.com/DEFRA/ffc-grants-laying-hens-web,4.3.1,N/A
DEFRA/ffc-ffd-business,https://github.com/DEFRA/ffc-ffd-business,4.7.0,N/A
companieshouse/psc-verification-web,https://github.com/companieshouse/psc-verification-web,4.8.0,undefined
ministryofjustice/hmpps-change-someones-cell,https://github.com/ministryofjustice/hmpps-change-someones-cell,4.7.0,N/A
defra-design/dangerous-dogs-index,https://github.com/defra-design/dangerous-dogs-index,5.0.0,N/A
Government-People-Group/csj-ra-dash,https://github.com/Government-People-Group/csj-ra-dash,4.7.0,N/A
DEFRA/ffc-ahwr-dashboard,https://github.com/DEFRA/ffc-ahwr-dashboard,4.8.0,undefined
UKHomeOffice/home-office-forms,https://github.com/UKHomeOffice/home-office-forms,5.4.0,undefined
ministryofjustice/analytical-platform-dashboard,https://github.com/ministryofjustice/analytical-platform-dashboard,5.3.0,2024-04-17T13:09:33Z
hmcts/V17SAComps,https://github.com/hmcts/V17SAComps,4.7.0,N/A
hmcts/ucd-carm-lip-claimant-response,https://github.com/hmcts/ucd-carm-lip-claimant-response,4.7.0,N/A
DEFRA/forms-runner,https://github.com/DEFRA/forms-runner,4.8.0,undefined
ministryofjustice/dps-incident-hub,https://github.com/ministryofjustice/dps-incident-hub,4.0.1,N/A
DFE-Digital/user-research-new-manual,https://github.com/DFE-Digital/user-research-new-manual,5.3.1,2024-04-29T11:11:08Z
Planning-Inspectorate/design-patterns,https://github.com/Planning-Inspectorate/design-patterns,4.7.0,undefined
ministryofjustice/hmpps-subject-access-request-ui,https://github.com/ministryofjustice/hmpps-subject-access-request-ui,5.3.1,2024-05-03T13:56:13Z
DEFRA/aphw-ddi-compensation-scheme,https://github.com/DEFRA/aphw-ddi-compensation-scheme,4.4.0,N/A
DEFRA/cdp-node-frontend-template,https://github.com/DEFRA/cdp-node-frontend-template,5.3.0,2024-02-07T12:56:18Z
digital-land/lpa-data-validator-frontend,https://github.com/digital-land/lpa-data-validator-frontend,4.8.0,undefined
DFE-Digital/support-for-early-career-teachers,https://github.com/DFE-Digital/support-for-early-career-teachers,5.3.0,2024-01-30T13:54:14Z
x-govuk/sign-in-with-one-login,https://github.com/x-govuk/sign-in-with-one-login,5.0.0-testing,N/A
defra-design/FFC-MPDP,https://github.com/defra-design/FFC-MPDP,4.1.0,N/A
defra-design/check-local-aq,https://github.com/defra-design/check-local-aq,5.1.0,undefined
UKGovernmentBEIS/DVS-Register,https://github.com/UKGovernmentBEIS/DVS-Register,4.7.0,N/A
hmcts/pre-ams,https://github.com/hmcts/pre-ams,4.7.0,N/A
dwp/cmg-employers,https://github.com/dwp/cmg-employers,4.8.0,2024-02-23T15:54:31Z
govuk-one-login/ipv-cri-check-hmrc-front,https://github.com/govuk-one-login/ipv-cri-check-hmrc-front,4.8.0,undefined
DFE-Digital/access-your-teaching-profile,https://github.com/DFE-Digital/access-your-teaching-profile,4.3.1,N/A
DEFRA/ffc-tcg-rules-engine,https://github.com/DEFRA/ffc-tcg-rules-engine,4.7.0,N/A
DEFRA/aphw-ddi-register,https://github.com/DEFRA/aphw-ddi-register,4.7.0,N/A
govuk-one-login/frontend-analytics,https://github.com/govuk-one-login/frontend-analytics,4.7.0,N/A
ministryofjustice/make-recall-decision-e2e-tests,https://github.com/ministryofjustice/make-recall-decision-e2e-tests,4.5.0,N/A
ministryofjustice/hmpps-auth-self-service,https://github.com/ministryofjustice/hmpps-auth-self-service,4.7.0,N/A
DEFRA/ffc-future-grants-apply,https://github.com/DEFRA/ffc-future-grants-apply,4.0.1,N/A
DFE-Digital/school-account-tsi-tool,https://github.com/DFE-Digital/school-account-tsi-tool,5.0.0,N/A
DEFRA/bng-register-web,https://github.com/DEFRA/bng-register-web,4.4.0,N/A
ministryofjustice/manage-recalls-ui,https://github.com/ministryofjustice/manage-recalls-ui,4.0.1,N/A
alphagov/digital-form-builder,https://github.com/alphagov/digital-form-builder,3.2.0,N/A
alphagov/co-eu-transition-dashboard,https://github.com/alphagov/co-eu-transition-dashboard,3.9.1,N/A
defra-design/bng-digital,https://github.com/defra-design/bng-digital,3.12.0,N/A
hmcts/pre-portal,https://github.com/hmcts/pre-portal,5.3.1,undefined
ministryofjustice/hmpps-remand-and-sentencing,https://github.com/ministryofjustice/hmpps-remand-and-sentencing,5.4.0,2024-02-06T10:25:23Z
DFE-Digital/record-concerns-and-support,https://github.com/DFE-Digital/record-concerns-and-support,4.7.0,N/A
ministryofjustice/tooling-procurement-centre,https://github.com/ministryofjustice/tooling-procurement-centre,3.14.0,N/A
ministryofjustice/laa-assess-crime-forms,https://github.com/ministryofjustice/laa-assess-crime-forms,5.4.0,2024-02-06T12:54:53Z
DEFRA/bng-public-register,https://github.com/DEFRA/bng-public-register,4.7.0,N/A
ministryofjustice/education-skills-work-employment,https://github.com/ministryofjustice/education-skills-work-employment,3.14.0,N/A
ministryofjustice/court-case-test-app,https://github.com/ministryofjustice/court-case-test-app,3.13.0,N/A
LandRegistry/casework-directory,https://github.com/LandRegistry/casework-directory,4.7.0,N/A
DFE-Digital/dfe-sign-in-design-history,https://github.com/DFE-Digital/dfe-sign-in-design-history,4.7.0,N/A
ministryofjustice/help-with-child-arrangements,https://github.com/ministryofjustice/help-with-child-arrangements,5.3.1,undefined
ministryofjustice/probation-search-ui,https://github.com/ministryofjustice/probation-search-ui,5.3.1,2024-02-20T12:33:34Z
ministryofjustice/brookhouse,https://github.com/ministryofjustice/brookhouse,3.11.0,N/A
defra-design/get-flood-warnings1,https://github.com/defra-design/get-flood-warnings1,4.0.1,N/A
defra-design/service-refresh-assets,https://github.com/defra-design/service-refresh-assets,3.5.0,N/A
OfficeForProductSafetyAndStandards/cosmetics-guidance,https://github.com/OfficeForProductSafetyAndStandards/cosmetics-guidance,3.4.0,N/A
DEFRA/bng-credits-estimator,https://github.com/DEFRA/bng-credits-estimator,4.7.0,N/A
co-cddo/data-marketplace,https://github.com/co-cddo/data-marketplace,4.7.0,N/A
DFE-Digital/d365-design-manual,https://github.com/DFE-Digital/d365-design-manual,4.8.0,2024-03-04T18:03:30Z
uktrade/market-access-frontend,https://github.com/uktrade/market-access-frontend,2.13.0,N/A
ministryofjustice/hmpps-authorization,https://github.com/ministryofjustice/hmpps-authorization,5.3.1,2024-01-12T10:39:58Z
DEFRA/ffc-tcg-back-office,https://github.com/DEFRA/ffc-tcg-back-office,4.7.0,N/A
DEFRA/ffc-tcg-apply,https://github.com/DEFRA/ffc-tcg-apply,4.7.0,N/A
DEFRA/ffc-tcg-portal,https://github.com/DEFRA/ffc-tcg-portal,4.7.0,N/A
UKHomeOffice/ho-design-system,https://github.com/UKHomeOffice/ho-design-system,4.6.0,N/A
digital-land/planning-application-poc,https://github.com/digital-land/planning-application-poc,4.0.1,N/A
ministryofjustice/hmpps-micro-frontend-components,https://github.com/ministryofjustice/hmpps-micro-frontend-components,5.4.0,2024-02-19T10:28:22Z
DEFRA/bng-techspike-payment,https://github.com/DEFRA/bng-techspike-payment,4.6.0,N/A
DFE-Digital/template-frontend-manual,https://github.com/DFE-Digital/template-frontend-manual,4.6.0,N/A
DFE-Digital/teacher-pay-calculator,https://github.com/DFE-Digital/teacher-pay-calculator,4.7.0,N/A
DFE-Digital/standards,https://github.com/DFE-Digital/standards,4.6.0,N/A
DEFRA/cites-pegasus,https://github.com/DEFRA/cites-pegasus,4.8.0,2024-02-20T12:36:34Z
Government-People-Group/csjobs-unified-hiring-side,https://github.com/Government-People-Group/csjobs-unified-hiring-side,5.0.0,N/A
ministryofjustice/govuk-one-login-demo,https://github.com/ministryofjustice/govuk-one-login-demo,4.6.0,N/A
ministryofjustice/opg-sirius-header,https://github.com/ministryofjustice/opg-sirius-header,4.3.1,N/A
DFE-Digital/teaching-school-hub-finder,https://github.com/DFE-Digital/teaching-school-hub-finder,5.2.0,2024-03-13T09:11:21Z
co-cddo/dea-register-frontend,https://github.com/co-cddo/dea-register-frontend,5.2.0,2024-02-21T14:42:57Z
ministryofjustice/hmpps-developer-portal,https://github.com/ministryofjustice/hmpps-developer-portal,5.3.1,2024-02-08T11:55:43Z
ministryofjustice/hmpps-electronic-monitoring-data-platform-ui,https://github.com/ministryofjustice/hmpps-electronic-monitoring-data-platform-ui,4.6.0,N/A
UKHomeOffice/ho-highlight,https://github.com/UKHomeOffice/ho-highlight,4.3.1,N/A
ministryofjustice/hmpps-arn-forms-ui,https://github.com/ministryofjustice/hmpps-arn-forms-ui,4.4.0,N/A
defra-design/ff-ss,https://github.com/defra-design/ff-ss,4.1.0,N/A
hmcts/labs-rhodrif-nodejs,https://github.com/hmcts/labs-rhodrif-nodejs,4.5.0,N/A
ministryofjustice/demo-updated-moj-template-project,https://github.com/ministryofjustice/demo-updated-moj-template-project,4.1.0,N/A
defra-design/pig-syndromic-surveillance,https://github.com/defra-design/pig-syndromic-surveillance,4.1.0,N/A
hmcts/labs-jordanhoey96-nodejs,https://github.com/hmcts/labs-jordanhoey96-nodejs,4.5.0,N/A
ministryofjustice/hmpps-identify-remand-periods,https://github.com/ministryofjustice/hmpps-identify-remand-periods,5.4.0,2024-02-06T17:04:00Z
ministryofjustice/hmpps-adjustments,https://github.com/ministryofjustice/hmpps-adjustments,5.4.0,2024-02-06T13:06:18Z
ministryofjustice/hmpps-non-associations,https://github.com/ministryofjustice/hmpps-non-associations,5.4.0,2024-02-06T16:49:59Z
defra-design/sfi-22,https://github.com/defra-design/sfi-22,4.1.0,N/A
hmcts/labs-sonny-hmcts-nodejs,https://github.com/hmcts/labs-sonny-hmcts-nodejs,4.5.0,N/A
hmcts/cui-ra,https://github.com/hmcts/cui-ra,5.3.1,2024-02-20T10:17:37Z
govuk-one-login/ipv-cri-toy-front,https://github.com/govuk-one-login/ipv-cri-toy-front,4.8.0,undefined
defra-design/flood-risk-map,https://github.com/defra-design/flood-risk-map,4.1.0,N/A
defra-design/ucd-roadmap,https://github.com/defra-design/ucd-roadmap,3.14.0,N/A
hmcts/tax-tribunals-datacapture,https://github.com/hmcts/tax-tribunals-datacapture,3.12.0,N/A
hmcts/cnp-plum-frontend,https://github.com/hmcts/cnp-plum-frontend,4.8.0,2024-02-27T16:13:57Z
DFE-Digital/get-a-teacher-relocation-payment,https://github.com/DFE-Digital/get-a-teacher-relocation-payment,4.7.0,N/A
DFE-Digital/design-history,https://github.com/DFE-Digital/design-history,4.8.0,2024-02-19T17:35:50Z
hmcts/sds-toffee-frontend,https://github.com/hmcts/sds-toffee-frontend,4.7.0,N/A
Government-People-Group/csjobs-assessment-methods,https://github.com/Government-People-Group/csjobs-assessment-methods,4.6.0,N/A
companieshouse/registered-email-address-web,https://github.com/companieshouse/registered-email-address-web,4.7.0,N/A
ministryofjustice/hmpps-community-accommodation-service-two-ui,https://github.com/ministryofjustice/hmpps-community-accommodation-service-two-ui,4.5.0,N/A
hmcts/labs-zc-hmcts-nodejs-3,https://github.com/hmcts/labs-zc-hmcts-nodejs-3,4.5.0,N/A
ministryofjustice/hmpps-strengths-based-needs-assessments-ui,https://github.com/ministryofjustice/hmpps-strengths-based-needs-assessments-ui,5.4.0,2024-02-06T10:59:58Z
Government-People-Group/csj-campaign-set-up-assessment-methods-2,https://github.com/Government-People-Group/csj-campaign-set-up-assessment-methods-2,4.5.0,N/A
Government-People-Group/csj-assessment-methods-2,https://github.com/Government-People-Group/csj-assessment-methods-2,4.5.0,N/A
companieshouse/psc-filing-web,https://github.com/companieshouse/psc-filing-web,4.5.0,N/A
digital-land/data-standards,https://github.com/digital-land/data-standards,4.0.1,N/A
companieshouse/node-review-web-starter-js,https://github.com/companieshouse/node-review-web-starter-js,4.7.0,N/A
Government-People-Group/csj-campaign-set-up-assessment-methods,https://github.com/Government-People-Group/csj-campaign-set-up-assessment-methods,4.5.0,N/A
ministryofjustice/hmpps-accredited-programmes-ui,https://github.com/ministryofjustice/hmpps-accredited-programmes-ui,5.4.0,2024-01-30T13:38:20Z
ministryofjustice/tech-docs-gem,https://github.com/ministryofjustice/tech-docs-gem,4.4.1,N/A
ministryofjustice/renovate-typescript-poc,https://github.com/ministryofjustice/renovate-typescript-poc,4.4.1,N/A
ministryofjustice/grc-app,https://github.com/ministryofjustice/grc-app,3.14.0,N/A
ministryofjustice/directory-experiment,https://github.com/ministryofjustice/directory-experiment,3.13.0,N/A
companieshouse/officer-filing-web,https://github.com/companieshouse/officer-filing-web,4.7.0,N/A
hmcts/labs-ozzyib-nodejs,https://github.com/hmcts/labs-ozzyib-nodejs,4.3.1,undefined
Government-People-Group/csj-candidateExp,https://github.com/Government-People-Group/csj-candidateExp,4.5.0,N/A
ministryofjustice/record-a-goose-exercise,https://github.com/ministryofjustice/record-a-goose-exercise,3.0.0,N/A
hmcts/labs-louisehuyton-nodejs,https://github.com/hmcts/labs-louisehuyton-nodejs,4.3.1,N/A
companieshouse/interaction-designer-guide,https://github.com/companieshouse/interaction-designer-guide,4.5.0,N/A
hmcts/jps-judicial-payment-frontend,https://github.com/hmcts/jps-judicial-payment-frontend,4.6.0,N/A
ministryofjustice/find-unclaimed-court-money,https://github.com/ministryofjustice/find-unclaimed-court-money,5.2.0,2024-02-23T13:30:55Z
co-cddo/dds,https://github.com/co-cddo/dds,4.5.0,N/A
Government-People-Group/csjobs-campaign-setup,https://github.com/Government-People-Group/csjobs-campaign-setup,4.2.0,N/A
DEFRA/public-register-of-documents-frontend,https://github.com/DEFRA/public-register-of-documents-frontend,3.11.0,N/A
digital-land/standards-manager,https://github.com/digital-land/standards-manager,4.2.0,N/A
hmcts/et_gds_design_system,https://github.com/hmcts/et_gds_design_system,5.3.1,2024-04-25T08:29:47Z
hmcts/hwf-publicapp,https://github.com/hmcts/hwf-publicapp,5.4.0,N/A
dvsa/cvs-myatf,https://github.com/dvsa/cvs-myatf,2.2.0,N/A
dwp/dwp-content-design-manual,https://github.com/dwp/dwp-content-design-manual,3.6.0,N/A
SkillsFundingAgency/das-employer-funding-rules,https://github.com/SkillsFundingAgency/das-employer-funding-rules,2.1.0,N/A
companieshouse/financial-sanctions-search,https://github.com/companieshouse/financial-sanctions-search,1.2.0,N/A
alphagov/ContentDataAppDiscovery,https://github.com/alphagov/ContentDataAppDiscovery,4.3.1,N/A
companieshouse/account-validator-web,https://github.com/companieshouse/account-validator-web,4.8.0,2024-02-19T11:07:35Z
ministryofjustice/opg-sirius-search-ui,https://github.com/ministryofjustice/opg-sirius-search-ui,4.4.0 || 5.0.0,N/A
dwp/awacs,https://github.com/dwp/awacs,3.11.0,N/A
alphagov/dataproducts-design-history,https://github.com/alphagov/dataproducts-design-history,4.3.1,N/A
hmcts/express-template-test,https://github.com/hmcts/express-template-test,3.7.0,N/A
hmcts/ia-expressjs-template-test,https://github.com/hmcts/ia-expressjs-template-test,3.5.0,N/A
hmcts/pet-et3,https://github.com/hmcts/pet-et3,2.4.0,N/A
hmcts/cet-frontend,https://github.com/hmcts/cet-frontend,2.0.0,N/A
hmcts/pui-jeg,https://github.com/hmcts/pui-jeg,0.0.32,N/A
hmcts/jui-jeg,https://github.com/hmcts/jui-jeg,0.0.32,N/A
hmcts/rpa-pui-webapp-test,https://github.com/hmcts/rpa-pui-webapp-test,1.3.0,N/A
hmcts/poc-ccd-intergration,https://github.com/hmcts/poc-ccd-intergration,2.5.1,N/A
hmcts/webappclonejui,https://github.com/hmcts/webappclonejui,1.3.0,N/A
hmcts/POC-feature-toggling,https://github.com/hmcts/POC-feature-toggling,2.5.0,N/A
hmcts/fpl-adoption-frontend,https://github.com/hmcts/fpl-adoption-frontend,3.4.0,N/A
hmcts/adoption-frontend,https://github.com/hmcts/adoption-frontend,3.5.0,N/A
hmcts/manage-organisations,https://github.com/hmcts/manage-organisations,3.0.0,N/A
hmcts/unspec-rpa-pact-cli,https://github.com/hmcts/unspec-rpa-pact-cli,3.9.1,N/A
hmcts/coi,https://github.com/hmcts/coi,3.14.0,N/A
hmcts/design-system-2.0,https://github.com/hmcts/design-system-2.0,3.0.0,N/A
hmcts/test-library,https://github.com/hmcts/test-library,3.9.1,N/A
ministryofjustice/keycloak-theme-govuk,https://github.com/ministryofjustice/keycloak-theme-govuk,3.2.0,N/A
ministryofjustice/elsa-relevant-search,https://github.com/ministryofjustice/elsa-relevant-search,4.0.0,N/A
ministryofjustice/planet-fm,https://github.com/ministryofjustice/planet-fm,2.12.0,N/A
ministryofjustice/prepare-probation-courtcases,https://github.com/ministryofjustice/prepare-probation-courtcases,2.12.0,N/A
ministryofjustice/circle-radiator,https://github.com/ministryofjustice/circle-radiator,3.5.0,N/A
ministryofjustice/technology-diversity-statistics,https://github.com/ministryofjustice/technology-diversity-statistics,3.11.0,N/A
UKHomeOffice/mssr-registryyear,https://github.com/UKHomeOffice/mssr-registryyear,4.5.0,N/A
DEFRA/ffc-techspike-rules-engine,https://github.com/DEFRA/ffc-techspike-rules-engine,4.3.1,N/A
hmcts/eui-poc,https://github.com/hmcts/eui-poc,4.4.1,N/A
hmcts/dtsse-ardoq-adapter,https://github.com/hmcts/dtsse-ardoq-adapter,4.7.0,N/A
defra-design/warnings-improvement-project,https://github.com/defra-design/warnings-improvement-project,5.0.0,N/A
DFE-Digital/support-for-mentors,https://github.com/DFE-Digital/support-for-mentors,4.0.0,N/A
alphagov/verify-rd-trust-framework-collection,https://github.com/alphagov/verify-rd-trust-framework-collection,2.11.0,N/A
alphagov/isf-assess-the-strength-of-your-checks,https://github.com/alphagov/isf-assess-the-strength-of-your-checks,2.4.0,N/A
alphagov/di-accounts-pds-hackathon,https://github.com/alphagov/di-accounts-pds-hackathon,4.3.1,N/A
DEFRA/ffc-techspike-customer-registry-web,https://github.com/DEFRA/ffc-techspike-customer-registry-web,4.0.1,N/A
ministryofjustice/pfs-hub-fe,https://github.com/ministryofjustice/pfs-hub-fe,3.4.0,N/A
DEFRA/ffc-lnr-map-web,https://github.com/DEFRA/ffc-lnr-map-web,4.0.1,N/A
department-for-transport-public/nts_digital_diary,https://github.com/department-for-transport-public/nts_digital_diary,4.1.0,N/A
DEFRA/water-abstraction-system,https://github.com/DEFRA/water-abstraction-system,4.8.0,undefined
DEFRA/ffc-demo-apply-web,https://github.com/DEFRA/ffc-demo-apply-web,3.14.0,N/A
hmrc/accessibility-site,https://github.com/hmrc/accessibility-site,4.6.0,N/A
UKHomeOffice/report-gifts,https://github.com/UKHomeOffice/report-gifts,4.1.0,N/A
UKHomeOffice/report-hospitality,https://github.com/UKHomeOffice/report-hospitality,4.1.0,N/A
hmcts/labs-timja-nodejs,https://github.com/hmcts/labs-timja-nodejs,4.3.1,N/A
ministryofjustice/hmpps-activities-management,https://github.com/ministryofjustice/hmpps-activities-management,5.4.0,2024-04-15T13:26:41Z
DEFRA/ffc-grants-cattle-housing-web,https://github.com/DEFRA/ffc-grants-cattle-housing-web,4.6.0,N/A
hmcts/vh-participant-kitcheck,https://github.com/hmcts/vh-participant-kitcheck,4.1.0,N/A
DEFRA/ffc-ce-admin-web,https://github.com/DEFRA/ffc-ce-admin-web,3.2.0,N/A
DEFRA/ffc-ce-web,https://github.com/DEFRA/ffc-ce-web,3.2.0,N/A
ministryofjustice/pfs-hub-asset-fe,https://github.com/ministryofjustice/pfs-hub-asset-fe,3.4.0,N/A
dwp/dwp-pip-case-management,https://github.com/dwp/dwp-pip-case-management,4.3.1,N/A
x-govuk/govuk-decorated-components,https://github.com/x-govuk/govuk-decorated-components,4.3.1,N/A
DEFRA/ffc-ahwr-farmer-claim,https://github.com/DEFRA/ffc-ahwr-farmer-claim,4.0.1,N/A
DEFRA/ffc-ahwr-farmer-apply,https://github.com/DEFRA/ffc-ahwr-farmer-apply,4.0.1,N/A
defra-design/map-shape,https://github.com/defra-design/map-shape,4.1.0,N/A
DEFRA/ffc-pay-statement-web,https://github.com/DEFRA/ffc-pay-statement-web,3.14.0,N/A
DEFRA/wts-front-office,https://github.com/DEFRA/wts-front-office,4.3.0,N/A
DEFRA/wts-identity-app,https://github.com/DEFRA/wts-identity-app,4.0.0,N/A
defra-design/how-many-in-uk,https://github.com/defra-design/how-many-in-uk,5.2.0,undefined
UKHomeOffice/mssr-grouporg,https://github.com/UKHomeOffice/mssr-grouporg,4.3.1,N/A
ministryofjustice/ndelius-new-tech,https://github.com/ministryofjustice/ndelius-new-tech,2.11.0,N/A
DFE-Digital/vcf-sw-career-development-design-history,https://github.com/DFE-Digital/vcf-sw-career-development-design-history,4.6.0,N/A
hmcts/govuk-formly-templates,https://github.com/hmcts/govuk-formly-templates,2.7.0,N/A
DFE-Digital/vcf-sw-assessment-accreditation-premigration,https://github.com/DFE-Digital/vcf-sw-assessment-accreditation-premigration,4.1.0,N/A
dwp/customer-view,https://github.com/dwp/customer-view,4.0.1,N/A
hmcts/cmc-cookies-manager,https://github.com/hmcts/cmc-cookies-manager,4.6.0,N/A
UKHomeOffice/decs,https://github.com/UKHomeOffice/decs,4.1.0,N/A
dvsa/dsp-skeleton-booking,https://github.com/dvsa/dsp-skeleton-booking,4.1.0,N/A
ministryofjustice/hmpps-education-employment-ui,https://github.com/ministryofjustice/hmpps-education-employment-ui,5.4.0,2024-03-06T11:34:52Z
DEFRA/ffc-ahwr-backoffice,https://github.com/DEFRA/ffc-ahwr-backoffice,4.6.0,N/A
communitiesuk/funding-service-design-glossary,https://github.com/communitiesuk/funding-service-design-glossary,4.3.1,N/A
UKHomeOfficeForms/hof-guide,https://github.com/UKHomeOfficeForms/hof-guide,4.2.0,N/A
dwp/phoenix-service,https://github.com/dwp/phoenix-service,4.4.0,N/A
uktrade/govuk-design-system,https://github.com/uktrade/govuk-design-system,3.5.0,N/A
DEFRA/ffc-ahwr-content,https://github.com/DEFRA/ffc-ahwr-content,4.0.1,N/A
co-cddo/rAPId-API-demo,https://github.com/co-cddo/rAPId-API-demo,4.0.1,N/A
DEFRA/ffc-grants-slurry-web,https://github.com/DEFRA/ffc-grants-slurry-web,5.4.0,2024-06-05T10:37:14Z
defra-design/ffc-advice,https://github.com/defra-design/ffc-advice,4.7.0,N/A
hmcts/test-renovate,https://github.com/hmcts/test-renovate,4.0.0,N/A
UKGovernmentBEIS/nsi-digital-service-admin,https://github.com/UKGovernmentBEIS/nsi-digital-service-admin,3.13.0,N/A
UKGovernmentBEIS/nsi-digital-service-main,https://github.com/UKGovernmentBEIS/nsi-digital-service-main,3.13.0,N/A
hmcts/sptribs-frontend,https://github.com/hmcts/sptribs-frontend,4.8.0,2024-03-12T14:35:30Z
ministryofjustice/hmpps-it-incident-hub,https://github.com/ministryofjustice/hmpps-it-incident-hub,5.3.1,2024-02-08T10:21:13Z
hmcts/incident-response-frontend,https://github.com/hmcts/incident-response-frontend,4.2.0,N/A
hmcts/lau-case-frontend,https://github.com/hmcts/lau-case-frontend,3.14.0,N/A
companieshouse/admin.orders.web.ch.gov.uk,https://github.com/companieshouse/admin.orders.web.ch.gov.uk,4.7.0,N/A
DFE-Digital/GHWCT_2,https://github.com/DFE-Digital/GHWCT_2,4.0.0,N/A
ministryofjustice/interventions-design-history,https://github.com/ministryofjustice/interventions-design-history,3.11.0,N/A
DEFRA/chemicals-admin-ui,https://github.com/DEFRA/chemicals-admin-ui,3.9.1,N/A
UKHomeOffice/lev-web-ui,https://github.com/UKHomeOffice/lev-web-ui,4.7.0,N/A
ministryofjustice/opg-data-dictionary,https://github.com/ministryofjustice/opg-data-dictionary,4.0.1,N/A
uktrade/data-science-frontend,https://github.com/uktrade/data-science-frontend,4.0.0,N/A
companieshouse/sicsearch,https://github.com/companieshouse/sicsearch,1.2.0,N/A
hmcts/lau-idam-frontend,https://github.com/hmcts/lau-idam-frontend,3.13.0,N/A
hmcts/prd-pui-registration,https://github.com/hmcts/prd-pui-registration,2.5.0,N/A
hmcts/publiclaw,https://github.com/hmcts/publiclaw,1.0.0,undefined
ministryofjustice/hmpps-manage-assess-risks-and-needs,https://github.com/ministryofjustice/hmpps-manage-assess-risks-and-needs,3.13.0,N/A
ministryofjustice/ttg-site,https://github.com/ministryofjustice/ttg-site,2.3.0,N/A
ministryofjustice/laa-ruby-learning-film-db,https://github.com/ministryofjustice/laa-ruby-learning-film-db,2.6.0,N/A
ministryofjustice/prisoner-categorisation-tool-ruby,https://github.com/ministryofjustice/prisoner-categorisation-tool-ruby,2.1.0,N/A
ministryofjustice/opg-sirius-lpa-frontend,https://github.com/ministryofjustice/opg-sirius-lpa-frontend,5.3.1,2024-02-26T16:33:21Z
DEFRA/ffc-sgs-admin,https://github.com/DEFRA/ffc-sgs-admin,3.13.0,N/A
DEFRA/ffc-sgs-frontend,https://github.com/DEFRA/ffc-sgs-frontend,3.13.0,N/A
alphagov/notifications-dependancies-dependabot,https://github.com/alphagov/notifications-dependancies-dependabot,2.13.0,undefined
hmcts/rpts-frontend,https://github.com/hmcts/rpts-frontend,5.0.0,N/A
dwp/care-homes,https://github.com/dwp/care-homes,4.0.1,N/A
dwp/health-assessments,https://github.com/dwp/health-assessments,3.14.0,N/A
ministryofjustice/hmpps-manage-offences,https://github.com/ministryofjustice/hmpps-manage-offences,5.4.0,2024-02-06T15:37:14Z
DFE-Digital/standardsv2,https://github.com/DFE-Digital/standardsv2,4.0.1,N/A
dwp/wa-transformation-manage,https://github.com/dwp/wa-transformation-manage,4.0.1,N/A
DEFRA/ffc-ahwr-frontend,https://github.com/DEFRA/ffc-ahwr-frontend,4.0.1,N/A
digital-land/config-manager,https://github.com/digital-land/config-manager,4.0.1,N/A
dwp/HAS-single-claimant-record,https://github.com/dwp/HAS-single-claimant-record,4.0.0,N/A
alphagov/pay-direct-debit-demo,https://github.com/alphagov/pay-direct-debit-demo,github:alphagov/govuk-frontend#eafad7464ccdef7d0d692cb1f00f21ca540f3307,undefined
alphagov/pay-user-support,https://github.com/alphagov/pay-user-support,2.13.0,N/A
ministryofjustice/prisoner-transactions,https://github.com/ministryofjustice/prisoner-transactions,3.14.0,N/A
dwp/HAS-design-guidelines,https://github.com/dwp/HAS-design-guidelines,4.0.0,N/A
DFE-Digital/bat-ops-dashboard,https://github.com/DFE-Digital/bat-ops-dashboard,4.0.0,N/A
digital-land/design-history,https://github.com/digital-land/design-history,4.5.0,N/A
DEFRA/ffc-pay-request-editor,https://github.com/DEFRA/ffc-pay-request-editor,4.7.0,N/A
DFE-Digital/design-history-cms,https://github.com/DFE-Digital/design-history-cms,4.0.0,N/A
dwp/DWP-design-practice,https://github.com/dwp/DWP-design-practice,4.0.0,N/A
hmrc/tech-docs-gem,https://github.com/hmrc/tech-docs-gem,4.7.0,N/A
Crown-Commercial-Service/tailspend-idam,https://github.com/Crown-Commercial-Service/tailspend-idam,5.3.1,2024-02-21T14:02:25Z
UKGovernmentBEIS/rpr-design-history,https://github.com/UKGovernmentBEIS/rpr-design-history,4.1.0,N/A
SkillsFundingAgency/das-internal-knowledge,https://github.com/SkillsFundingAgency/das-internal-knowledge,3.7.0,N/A
SkillsFundingAgency/das-usertesting,https://github.com/SkillsFundingAgency/das-usertesting,1.0.0,N/A
alphagov/paas-demo-application-node,https://github.com/alphagov/paas-demo-application-node,3.14.0,N/A
ministryofjustice/opg-sirius-maintenance,https://github.com/ministryofjustice/opg-sirius-maintenance,4.4.1,N/A
companieshouse/content-design,https://github.com/companieshouse/content-design,4.3.1,N/A
digital-land/digital-land-frontend,https://github.com/digital-land/digital-land-frontend,4.2.0,N/A
ministryofjustice/hmpps-audit-ui,https://github.com/ministryofjustice/hmpps-audit-ui,3.12.0,N/A
ministryofjustice/interventions-catalogue-ui,https://github.com/ministryofjustice/interventions-catalogue-ui,3.6.0,N/A
ministryofjustice/moj-nodejs-boilerplate,https://github.com/ministryofjustice/moj-nodejs-boilerplate,3.3.0,N/A
alphagov/govuk-knowledge-graph-search,https://github.com/alphagov/govuk-knowledge-graph-search,4.7.0,N/A
digital-land/content-frontend,https://github.com/digital-land/content-frontend,3.7.0,N/A
DFE-Digital/service-manual-drafts,https://github.com/DFE-Digital/service-manual-drafts,3.13.0,N/A
ministryofjustice/makerecalldecisions-design-history,https://github.com/ministryofjustice/makerecalldecisions-design-history,3.12.0,N/A
hmrc/play-frontend-pta,https://github.com/hmrc/play-frontend-pta,3.13.1,N/A
DEFRA/ffc-grants-addvalue-web,https://github.com/DEFRA/ffc-grants-addvalue-web,4.8.0,2024-03-13T11:15:53Z
ministryofjustice/hmpps-audit-poc-ui,https://github.com/ministryofjustice/hmpps-audit-poc-ui,5.3.0,2024-03-25T12:49:32Z
hmcts/ccpay-paymentoutcome-web,https://github.com/hmcts/ccpay-paymentoutcome-web,3.15.0,2024-02-23T17:34:47Z
DFE-Digital/apply-for-teacher-training-statistics,https://github.com/DFE-Digital/apply-for-teacher-training-statistics,3.13.0,N/A
LandRegistry/HMLR-Design-System-2021,https://github.com/LandRegistry/HMLR-Design-System-2021,4.0.0,N/A
ministryofjustice/opg-sirius-supervision-deputy-hub,https://github.com/ministryofjustice/opg-sirius-supervision-deputy-hub,5.3.1,2024-02-02T13:51:28Z
dwp/maternity-allowance,https://github.com/dwp/maternity-allowance,3.13.0,N/A
dwp/maternity-allowance-cardsort,https://github.com/dwp/maternity-allowance-cardsort,3.13.0,N/A
digital-land/content-site,https://github.com/digital-land/content-site,3.12.0,N/A
companieshouse/content-style-guide,https://github.com/companieshouse/content-style-guide,4.3.1,N/A
ministryofjustice/hmpps-welcome-people-into-prison-ui,https://github.com/ministryofjustice/hmpps-welcome-people-into-prison-ui,4.8.0,2024-03-26T10:35:11Z
Flood-warning-services/lop,https://github.com/Flood-warning-services/lop,3.11.0,N/A
DEFRA/ea-wq-incident-web,https://github.com/DEFRA/ea-wq-incident-web,3.14.0,N/A
DEFRA/ffc-pay-web,https://github.com/DEFRA/ffc-pay-web,4.7.0,N/A
dwp/dwp-task-master,https://github.com/dwp/dwp-task-master,3.10.1,N/A
DFE-Digital/dfe-academic-year-research,https://github.com/DFE-Digital/dfe-academic-year-research,3.13.0,N/A
Crown-Commercial-Service/CCS-Frontend-Kit,https://github.com/Crown-Commercial-Service/CCS-Frontend-Kit,3.14.0,N/A
dwp/ui-fitnote-frontend,https://github.com/dwp/ui-fitnote-frontend,3.15.0,undefined
ministryofjustice/hmpps-book-video-link,https://github.com/ministryofjustice/hmpps-book-video-link,5.3.1,2024-03-12T15:23:53Z
DEFRA/ffc-sfi-processing-web,https://github.com/DEFRA/ffc-sfi-processing-web,3.14.0,N/A
dwp/supporting-documents-service,https://github.com/dwp/supporting-documents-service,3.11.0,N/A
ministryofjustice/opg-sirius-lpa-dashboard,https://github.com/ministryofjustice/opg-sirius-lpa-dashboard,5.3.1,2024-02-27T09:52:25Z
DEFRA/ffc-grants-productivity-web,https://github.com/DEFRA/ffc-grants-productivity-web,4.7.0,N/A
DEFRA/defra-ruby-template,https://github.com/DEFRA/defra-ruby-template,3.15.0,2024-02-19T16:40:48Z
dwp/sce-cxp-one,https://github.com/dwp/sce-cxp-one,3.13.0,N/A
dwp/ukspf-repo,https://github.com/dwp/ukspf-repo,3.6.0,N/A
DEFRA/ffc-sfi-agreement-viewer,https://github.com/DEFRA/ffc-sfi-agreement-viewer,3.12.0,N/A
dwp/ui-ds1500-frontend,https://github.com/dwp/ui-ds1500-frontend,4.8.0,2022-02-25T10:53:30Z
dwp/cms-g4s,https://github.com/dwp/cms-g4s,3.10.1,N/A
DEFRA/gwa-web,https://github.com/DEFRA/gwa-web,3.13.1,N/A
DEFRA/ffc-sfi-apply-web,https://github.com/DEFRA/ffc-sfi-apply-web,3.14.0,N/A
HMPO/hmpo-app,https://github.com/HMPO/hmpo-app,4.6.0,N/A
ministryofjustice/manage-pom-cases-design-history,https://github.com/ministryofjustice/manage-pom-cases-design-history,3.14.0,N/A
DEFRA/flood-xws-alert-web,https://github.com/DEFRA/flood-xws-alert-web,4.0.0,N/A
DEFRA/flood-xws-contact-web,https://github.com/DEFRA/flood-xws-contact-web,4.0.0,N/A
UKForeignOffice/loi-user-service,https://github.com/UKForeignOffice/loi-user-service,4.8.0,undefined
Flood-warning-services/olr-footer-pages,https://github.com/Flood-warning-services/olr-footer-pages,3.11.0,N/A
dwp/atw-pre-app,https://github.com/dwp/atw-pre-app,3.11.0,N/A
companieshouse/confirmation-statement-web,https://github.com/companieshouse/confirmation-statement-web,3.14.0,N/A
DFE-Digital/dfe.ui.toolkit,https://github.com/DFE-Digital/dfe.ui.toolkit,4.8.0,undefined
dwp/PIP-new-claims-triage,https://github.com/dwp/PIP-new-claims-triage,4.0.1,N/A
dwp/Searchlight,https://github.com/dwp/Searchlight,3.11.0,N/A
DFE-Digital/get-help-with-remote-education-cms,https://github.com/DFE-Digital/get-help-with-remote-education-cms,3.10.2,N/A
UKForeignOffice/govuk-content-checker,https://github.com/UKForeignOffice/govuk-content-checker,3.11.0,N/A
dwp/bank-validation,https://github.com/dwp/bank-validation,3.6.0,N/A
dvsa/ftts-booking-app,https://github.com/dvsa/ftts-booking-app,3.14.0,N/A
DFE-Digital/teach-in-further-education-design-history,https://github.com/DFE-Digital/teach-in-further-education-design-history,3.11.0,N/A
DEFRA/ivory,https://github.com/DEFRA/ivory,4.0.1,N/A
dwp/sandbox-dwp-manage-tasks,https://github.com/dwp/sandbox-dwp-manage-tasks,3.10.1,N/A
DEFRA/ffc-pr-calculator,https://github.com/DEFRA/ffc-pr-calculator,4.7.0,N/A
DEFRA/ffc-sfi-pocs,https://github.com/DEFRA/ffc-sfi-pocs,3.11.0,N/A
DEFRA/ffc-grants-fe,https://github.com/DEFRA/ffc-grants-fe,3.7.0,N/A
ministryofjustice/hmpps-registers,https://github.com/ministryofjustice/hmpps-registers,5.2.0,2024-02-29T13:54:05Z
dvsa/hvt-atf-availability,https://github.com/dvsa/hvt-atf-availability,3.15.0,2024-05-22T14:07:18Z
LandRegistry/remove-applications-from-ap,https://github.com/LandRegistry/remove-applications-from-ap,4.0.1,N/A
DFE-Digital/national-professional-qualification,https://github.com/DFE-Digital/national-professional-qualification,3.10.2,N/A
dwp/health-referral-status,https://github.com/dwp/health-referral-status,3.9.1,N/A
dwp/gysp-citizen,https://github.com/dwp/gysp-citizen,3.10.2,N/A
ministryofjustice/wmt-web,https://github.com/ministryofjustice/wmt-web,4.6.0,N/A
dwp/dwp-common-capabilities,https://github.com/dwp/dwp-common-capabilities,4.0.1,N/A
dwp/pip-starting,https://github.com/dwp/pip-starting,4.1.0,N/A
ministryofjustice/fb-editor,https://github.com/ministryofjustice/fb-editor,4.8.0,2022-08-23T12:58:07Z
dwp/kickstart,https://github.com/dwp/kickstart,3.10.1,N/A
companieshouse/bankrupt-officer-search-web,https://github.com/companieshouse/bankrupt-officer-search-web,4.7.0,N/A
DFE-Digital/eduk-cms-spike,https://github.com/DFE-Digital/eduk-cms-spike,2.3.0,N/A
dvsa/hvt-nearest-atf,https://github.com/dvsa/hvt-nearest-atf,3.15.0,2024-05-22T14:42:36Z
DEFRA/internal-services,https://github.com/DEFRA/internal-services,3.10.1,N/A
DFE-Digital/send-data-ur-surveys,https://github.com/DFE-Digital/send-data-ur-surveys,3.0.0,N/A
UKGovernmentBEIS/Covid-complaints,https://github.com/UKGovernmentBEIS/Covid-complaints,3.6.0,N/A
DEFRA/openrivermarkers,https://github.com/DEFRA/openrivermarkers,2.9.0,N/A
Crown-Commercial-Service/pmp-idam,https://github.com/Crown-Commercial-Service/pmp-idam,5.3.1,2024-02-21T14:04:35Z
SkillsFundingAgency/myesf-doc-ex-internal-design-history,https://github.com/SkillsFundingAgency/myesf-doc-ex-internal-design-history,3.9.1,N/A
companieshouse/transaction-search-tool,https://github.com/companieshouse/transaction-search-tool,3.14.0,N/A
DFE-Digital/claim-interface-restructure,https://github.com/DFE-Digital/claim-interface-restructure,3.5.0,N/A
ministryofjustice/laa-great-ideas,https://github.com/ministryofjustice/laa-great-ideas,2.2.0,N/A
DFE-Digital/get-into-teaching-design-history,https://github.com/DFE-Digital/get-into-teaching-design-history,3.9.1,N/A
DFE-Digital/ruby-technical-test,https://github.com/DFE-Digital/ruby-technical-test,3.9.1,N/A
alphagov/product-page-example-11ty,https://github.com/alphagov/product-page-example-11ty,3.0.0,N/A
dwp/ms-ui-submission,https://github.com/dwp/ms-ui-submission,4.7.0,N/A
DFE-Digital/childrens-social-care-placement,https://github.com/DFE-Digital/childrens-social-care-placement,3.11.0,N/A
UKForeignOffice/loi-application-service,https://github.com/UKForeignOffice/loi-application-service,4.8.0,2024-05-10T14:56:35Z
UKGovernmentBEIS/Covid-ventilators,https://github.com/UKGovernmentBEIS/Covid-ventilators,3.6.0,N/A
ministryofjustice/hmpps-risk-assessment-ui,https://github.com/ministryofjustice/hmpps-risk-assessment-ui,4.7.0,N/A
ministryofjustice/hmpps-manage-users,https://github.com/ministryofjustice/hmpps-manage-users,5.3.0,2024-04-11T11:18:16Z
OfficeForProductSafetyAndStandards/beis-opss-shared-web,https://github.com/OfficeForProductSafetyAndStandards/beis-opss-shared-web,2.13.0,N/A
ministryofjustice/Interactive-Probation-Map,https://github.com/ministryofjustice/Interactive-Probation-Map,2.13.0,N/A
DEFRA/defra.github.io,https://github.com/DEFRA/defra.github.io,3.11.0,N/A
uktrade/data-store-uploader,https://github.com/uktrade/data-store-uploader,3.6.0,N/A
Crown-Commercial-Service/digitalmarketplace-user-frontend,https://github.com/Crown-Commercial-Service/digitalmarketplace-user-frontend,3.14.0,N/A
Crown-Commercial-Service/digitalmarketplace-brief-responses-frontend,https://github.com/Crown-Commercial-Service/digitalmarketplace-brief-responses-frontend,3.14.0,N/A
UKForeignOffice/verify-apostille-service,https://github.com/UKForeignOffice/verify-apostille-service,4.8.0,undefined
hmcts/fact-frontend,https://github.com/hmcts/fact-frontend,4.8.0,2024-02-21T17:59:33Z
uktrade/market-access-public-frontend,https://github.com/uktrade/market-access-public-frontend,3.15.0,2024-02-29T17:48:08Z
DEFRA/ffc-grants-eoi,https://github.com/DEFRA/ffc-grants-eoi,3.8.1,N/A
companieshouse/suppression-web,https://github.com/companieshouse/suppression-web,3.10.0,N/A
DEFRA/ffc-digital-form-builder,https://github.com/DEFRA/ffc-digital-form-builder,2.3.0,N/A
DFE-Digital/SDD-Academy-Transfers,https://github.com/DFE-Digital/SDD-Academy-Transfers,3.8.0,N/A
Crown-Commercial-Service/crown-marketplace-legacy,https://github.com/Crown-Commercial-Service/crown-marketplace-legacy,5.4.0,2024-03-12T11:16:22Z
companieshouse/applications.developer.web.ch.gov.uk,https://github.com/companieshouse/applications.developer.web.ch.gov.uk,4.8.0,2024-03-04T10:58:37Z
hmcts/rpa-em-bundling-webapp,https://github.com/hmcts/rpa-em-bundling-webapp,1.3.0,N/A
cabinetoffice/co-cookie-consent,https://github.com/cabinetoffice/co-cookie-consent,3.6.0,N/A
DFE-Digital/get-help-with-tech-design-history,https://github.com/DFE-Digital/get-help-with-tech-design-history,3.7.0,N/A
companieshouse/dissolution-web,https://github.com/companieshouse/dissolution-web,3.14.0,N/A
alphagov/paas-submit,https://github.com/alphagov/paas-submit,3.5.0,N/A
uktrade/data-store-service,https://github.com/uktrade/data-store-service,3.14.0,N/A
ministryofjustice/c100-application,https://github.com/ministryofjustice/c100-application,4.6.0,N/A
uktrade/fft,https://github.com/uktrade/fft,4.8.0,2024-03-18T12:14:18Z
DFE-Digital/manage-courses-support,https://github.com/DFE-Digital/manage-courses-support,3.3.0,N/A
DEFRA/ffc-demo-payment-web,https://github.com/DEFRA/ffc-demo-payment-web,4.7.0,N/A
dwp/digiman,https://github.com/dwp/digiman,3.4.0,N/A
communitiesuk/create-a-job-post,https://github.com/communitiesuk/create-a-job-post,3.2.0,N/A
LandRegistry/dps-ulapd-ui,https://github.com/LandRegistry/dps-ulapd-ui,3.1.0,N/A
communitiesuk/funding-service-design-team,https://github.com/communitiesuk/funding-service-design-team,3.9.1,N/A
hmcts/pcq-frontend,https://github.com/hmcts/pcq-frontend,4.8.0,2024-02-13T09:57:08Z
LandRegistry/portal-refresh,https://github.com/LandRegistry/portal-refresh,2.11.0,N/A
UKGovernmentBEIS/nanomaterial-flow,https://github.com/UKGovernmentBEIS/nanomaterial-flow,3.4.0,N/A
companieshouse/search.web.ch.gov.uk,https://github.com/companieshouse/search.web.ch.gov.uk,3.15.0,2024-04-08T16:54:37Z
LandRegistry/use-land-property-data,https://github.com/LandRegistry/use-land-property-data,3.3.0,N/A
LandRegistry/digital-street-3d-ui,https://github.com/LandRegistry/digital-street-3d-ui,2.10.0,N/A
companieshouse/extensions-web,https://github.com/companieshouse/extensions-web,3.11.0,N/A
companieshouse/node-web-starter,https://github.com/companieshouse/node-web-starter,3.6.0,N/A
LandRegistry/index-portal,https://github.com/LandRegistry/index-portal,2.8.0,N/A
dwp/add-another,https://github.com/dwp/add-another,3.0.0,N/A
UKHomeOffice/hocs-management-ui,https://github.com/UKHomeOffice/hocs-management-ui,4.7.0,N/A
DEFRA/git-training,https://github.com/DEFRA/git-training,3.0.0,N/A
dwp/service-manual,https://github.com/dwp/service-manual,2.12.0,N/A
DFE-Digital/dfe-apad,https://github.com/DFE-Digital/dfe-apad,2.6.0,N/A
DEFRA/ivory-services,https://github.com/DEFRA/ivory-services,3.4.0,undefined
UKGovernmentBEIS/Industrial-Strategy,https://github.com/UKGovernmentBEIS/Industrial-Strategy,2.12.0,N/A
companieshouse/accessibility-horror-show,https://github.com/companieshouse/accessibility-horror-show,2.12.0,N/A
hmcts/probate-frontend,https://github.com/hmcts/probate-frontend,4.8.0,2024-03-04T11:52:39Z
LandRegistry/hmlr-register-of-services,https://github.com/LandRegistry/hmlr-register-of-services,2.12.0,N/A
DFE-Digital/single-place-for-education-frontend,https://github.com/DFE-Digital/single-place-for-education-frontend,2.12.0,N/A
UKHomeOffice/ho-ddat-events,https://github.com/UKHomeOffice/ho-ddat-events,1.0.0,N/A
DFE-Digital/dfe-data-provider-hub,https://github.com/DFE-Digital/dfe-data-provider-hub,2.11.0,N/A
DFE-Digital/get-help-to-retrain,https://github.com/DFE-Digital/get-help-to-retrain,3.4.0,N/A
DEFRA/ffc-elm-apply,https://github.com/DEFRA/ffc-elm-apply,3.2.0,N/A
dwp/gysp-agent-ui,https://github.com/dwp/gysp-agent-ui,3.11.0,N/A
dwp/gysp-customer-frontend,https://github.com/dwp/gysp-customer-frontend,4.2.0,N/A
DEFRA/ffc-demo-web,https://github.com/DEFRA/ffc-demo-web,4.7.0,N/A
dwp/newstyleesa-staff,https://github.com/dwp/newstyleesa-staff,3.0.0,N/A
ministryofjustice/disclosure-checker,https://github.com/ministryofjustice/disclosure-checker,5.2.0,undefined
DEFRA/flood-landing-page,https://github.com/DEFRA/flood-landing-page,2.7.0,N/A
DFE-Digital/buying-for-schools,https://github.com/DFE-Digital/buying-for-schools,2.13.0,N/A
dwp/archived-newstyleesa-staff,https://github.com/dwp/archived-newstyleesa-staff,2.5.1,N/A
dwp/move-to-uc-2019,https://github.com/dwp/move-to-uc-2019,1.1.1,N/A
UKHomeOffice/hmpo-soprasteria,https://github.com/UKHomeOffice/hmpo-soprasteria,2.4.0,N/A
SkillsFundingAgency/dfc-frontend-patterns,https://github.com/SkillsFundingAgency/dfc-frontend-patterns,3.2.0,N/A
dwp/sdp-ideas,https://github.com/dwp/sdp-ideas,2.2.0,N/A
DEFRA/mmo-licence-checker,https://github.com/DEFRA/mmo-licence-checker,2.0.0,N/A
DFE-Digital/npd-modernisation,https://github.com/DFE-Digital/npd-modernisation,2.0.0,N/A
UKHomeOffice/DDaT-events,https://github.com/UKHomeOffice/DDaT-events,1.0.0,N/A
dwp/atwis-apply,https://github.com/dwp/atwis-apply,1.3.0,N/A
DEFRA/rod-catch-returns-frontend,https://github.com/DEFRA/rod-catch-returns-frontend,3.15.0,2024-02-19T09:10:51Z
hmcts/ccpay-web-component,https://github.com/hmcts/ccpay-web-component,2.13.0,N/A
dwp/move-to-uc,https://github.com/dwp/move-to-uc,1.1.1,N/A